model,room_id,property_group,sub_area,dataset_version,image_file,image_path,human_label,model_prediction,p_not_clean,threshold,fold,correct_or_error,human_reason
frozen_resnet50_tile2x2_logreg_v2,A11 B Double Attached,A11,Room,v2_new_a11_a12,IMG-20260923-WA0016.jpg,A11 B Double Attached/IMG-20260923-WA0016.jpg,CLEAN,NOT_CLEAN,0.31091,0.17,1,false_positive,"Floor and surfaces are clean, bed made under the mosquito net, desk and dustbin in place; belongings are reasonably arranged and the room looks neat."
frozen_resnet50_tile2x2_logreg_v2,A11 B Double Attached,A11,Room,v2_new_a11_a12,IMG-20260923-WA0020.jpg,A11 B Double Attached/IMG-20260923-WA0020.jpg,CLEAN,CLEAN,0.003656,0.17,1,correct,"Wall, doorway and wardrobe are clean with nothing discarded; the room is reasonably organized."
frozen_resnet50_tile2x2_logreg_v2,A11 B Double Attached,A11,Room,v2_new_a11_a12,IMG-20260923-WA0022.jpg,A11 B Double Attached/IMG-20260923-WA0022.jpg,CLEAN,CLEAN,0.108193,0.17,1,correct,"Tiles are clean, both beds are made, the desk is tidy and the dustbin and mat are in place; the room looks neat."
frozen_resnet50_tile2x2_logreg_v2,A11 B Double Attached,A11,Room,v2_new_a11_a12,IMG-20260923-WA0023.jpg,A11 B Double Attached/IMG-20260923-WA0023.jpg,CLEAN,CLEAN,0.001167,0.17,1,correct,"Jackets are hung on wall hooks rather than left lying around, and the floor and doorway are clean."
frozen_resnet50_tile2x2_logreg_v2,A11 B Double Attached,A11,Room,v2_new_a11_a12,IMG-20260923-WA0024.jpg,A11 B Double Attached/IMG-20260923-WA0024.jpg,CLEAN,CLEAN,0.001577,0.17,1,correct,"Shoes are kept on a shelf, the bin is in use and the floor is clean; the wall-base stain is a maintenance issue, not housekeeping dirt."
frozen_resnet50_tile2x2_logreg_v2,A11 B Double Attached,A11,Room,v2_new_a11_a12,IMG-20260923-WA0025.jpg,A11 B Double Attached/IMG-20260923-WA0025.jpg,CLEAN,CLEAN,0.011891,0.17,1,correct,Close floor view shows clean tiles with a mat and a suitcase stored under the bed; no waste or debris.
frozen_resnet50_tile2x2_logreg_v2,A11 C Double common,A11,Room,v2_new_a11_a12,IMG-20260923-WA0053.jpg,A11 C Double common/IMG-20260923-WA0053.jpg,NOT_CLEAN,CLEAN,0.025261,0.17,1,false_negative,"Towels and cloth are dumped on the floor, cables trail across the tiles and boxes and slippers are left around the desk, so the room looks visibly untidy although the tiles are clean."
frozen_resnet50_tile2x2_logreg_v2,A11 C Double common,A11,Room,v2_new_a11_a12,IMG-20260923-WA0054.jpg,A11 C Double common/IMG-20260923-WA0054.jpg,NOT_CLEAN,NOT_CLEAN,0.816965,0.17,1,correct,"Cartons, shoes and bags are left on the floor between the beds and the desk is crowded with loose items, making the room visibly untidy despite the clean floor."
frozen_resnet50_tile2x2_logreg_v2,A11 C Double common,A11,Room,v2_new_a11_a12,IMG-20260923-WA0055.jpg,A11 C Double common/IMG-20260923-WA0055.jpg,CLEAN,CLEAN,0.007483,0.17,1,correct,"AC, curtain and doorway are clean with no waste or dirt, and no belongings are left scattered in view."
frozen_resnet50_tile2x2_logreg_v2,A11 C Double common,A11,Room,v2_new_a11_a12,IMG-20260923-WA0056.jpg,A11 C Double common/IMG-20260923-WA0056.jpg,NOT_CLEAN,NOT_CLEAN,0.990529,0.17,1,correct,"A laundry basket is overflowing with clothes spilling onto the floor, backpacks are dropped beside it and a plastic sheet lies on the tiles."
frozen_resnet50_tile2x2_logreg_v2,A11 C Double common,A11,Room,v2_new_a11_a12,IMG-20260923-WA0057.jpg,A11 C Double common/IMG-20260923-WA0057.jpg,NOT_CLEAN,CLEAN,0.042368,0.17,1,false_negative,"A backpack and bags are left on the floor beside the wardrobe and clothing is draped over the wardrobe edge, so the belongings are not properly arranged even though the floor is clean."
frozen_resnet50_tile2x2_logreg_v2,A11 C Double common,A11,Room,v2_new_a11_a12,IMG-20260923-WA0058.jpg,A11 C Double common/IMG-20260923-WA0058.jpg,CLEAN,CLEAN,0.002388,0.17,1,correct,Balcony doorway and curtains with a clean floor; no waste and no belongings left scattered.
frozen_resnet50_tile2x2_logreg_v2,A11 C Double common,A11,Room,v2_new_a11_a12,IMG-20260923-WA0059.jpg,A11 C Double common/IMG-20260923-WA0059.jpg,NOT_CLEAN,NOT_CLEAN,0.393275,0.17,1,correct,"Towels are dumped on the floor, cables trail across the tiles and a bucket and boxes are pushed under a crowded desk, making the room visibly untidy."
frozen_resnet50_tile2x2_logreg_v2,A12 B Double attached,A12,Room,v2_new_a11_a12,IMG-20260923-WA0073.jpg,A12 B Double attached/IMG-20260923-WA0073.jpg,CLEAN,CLEAN,0.009773,0.19,2,correct,"Bed is made with a few folded clothes, the chair is in place and bags are stored under the bed; tiles are clean and the room is reasonably organized."
frozen_resnet50_tile2x2_logreg_v2,A12 B Double attached,A12,Room,v2_new_a11_a12,IMG-20260923-WA0075.jpg,A12 B Double attached/IMG-20260923-WA0075.jpg,CLEAN,CLEAN,0.001658,0.19,2,correct,"Only one jacket is draped over the bed frame, the rest of the view is clean and clear with nothing scattered."
frozen_resnet50_tile2x2_logreg_v2,A12 B Double attached,A12,Room,v2_new_a11_a12,IMG-20260923-WA0078.jpg,A12 B Double attached/IMG-20260923-WA0078.jpg,NOT_CLEAN,CLEAN,0.035052,0.19,2,false_negative,"Clothes lie loose across the bed and several bags and a backpack are dropped on the floor beside it, so the belongings are unorganized and the room looks untidy."
frozen_resnet50_tile2x2_logreg_v2,A12 B Double attached,A12,Room,v2_new_a11_a12,IMG-20260923-WA0079.jpg,A12 B Double attached/IMG-20260923-WA0079.jpg,NOT_CLEAN,NOT_CLEAN,0.256785,0.19,2,correct,Wide view shows clothes scattered over the bed with bags and luggage left around the floor; the belongings are not properly arranged.
frozen_resnet50_tile2x2_logreg_v2,A12 B Double attached,A12,Room,v2_new_a11_a12,IMG-20260923-WA0080.jpg,A12 B Double attached/IMG-20260923-WA0080.jpg,CLEAN,CLEAN,0.002292,0.19,2,correct,Doorway and desk with a stationery organiser and charger cables kept on the table; floor clean and belongings reasonably contained.
frozen_resnet50_tile2x2_logreg_v2,A12 B Double attached,A12,Room,v2_new_a11_a12,IMG-20260923-WA0081.jpg,A12 B Double attached/IMG-20260923-WA0081.jpg,NOT_CLEAN,NOT_CLEAN,0.289675,0.19,2,correct,"Clothes are strewn across the bed and a backpack, tote bags and a suitcase are dropped on the floor around it, making the room visibly untidy."
frozen_resnet50_tile2x2_logreg_v2,A12 B Double attached,A12,Room,v2_new_a11_a12,IMG-20260923-WA0082.jpg,A12 B Double attached/IMG-20260923-WA0082.jpg,CLEAN,CLEAN,0.002111,0.19,2,correct,"AC, curtain and wall are clean with no waste, dirt or scattered belongings in view."
frozen_resnet50_tile2x2_logreg_v2,A12 B Double attached,A12,Room,v2_new_a11_a12,IMG-20260923-WA0083.jpg,A12 B Double attached/IMG-20260923-WA0083.jpg,NOT_CLEAN,CLEAN,0.001991,0.19,2,false_negative,A crumpled quilt and several loose garments are strewn across the bed with a jacket thrown over the bed frame; the bedding and clothes are unorganized.
frozen_resnet50_tile2x2_logreg_v2,A12 C Double common,A12,Room,v2_new_a11_a12,IMG-20260923-WA0092.jpg,A12 C Double common/IMG-20260923-WA0092.jpg,CLEAN,CLEAN,0.007918,0.19,2,correct,"Both beds are covered with bedding pulled back normally, the wardrobe and desk are in place and the floor is clean with no waste."
frozen_resnet50_tile2x2_logreg_v2,A12 C Double common,A12,Room,v2_new_a11_a12,IMG-20260923-WA0093.jpg,A12 C Double common/IMG-20260923-WA0093.jpg,CLEAN,CLEAN,0.004202,0.19,2,correct,"Doorway, a bag hung on the chair and a tidy desk; floor is clean and the room looks neat."
frozen_resnet50_tile2x2_logreg_v2,A12 C Double common,A12,Room,v2_new_a11_a12,IMG-20260923-WA0098.jpg,A12 C Double common/IMG-20260923-WA0098.jpg,CLEAN,CLEAN,0.018618,0.19,2,correct,"Bed headboard, pillows and a floor mat with clean tiles; nothing dirty or discarded."
frozen_resnet50_tile2x2_logreg_v2,A12 C Double common,A12,Room,v2_new_a11_a12,IMG-20260923-WA0099.jpg,A12 C Double common/IMG-20260923-WA0099.jpg,CLEAN,NOT_CLEAN,0.266138,0.19,2,false_positive,Bottles and jars are grouped on the table with a storage basket and carton kept underneath - contained rather than scattered; floor clean.
frozen_resnet50_tile2x2_logreg_v2,A12 C Double common,A12,Room,v2_new_a11_a12,IMG-20260923-WA0100.jpg,A12 C Double common/IMG-20260923-WA0100.jpg,CLEAN,NOT_CLEAN,0.467568,0.19,2,false_positive,Desk holds personal items in order with a bag on the chair; the floor is clean and no waste or residue is visible.
frozen_resnet50_tile2x2_logreg_v2,A12 C Double common,A12,Room,v2_new_a11_a12,IMG-20260923-WA0101.jpg,A12 C Double common/IMG-20260923-WA0101.jpg,CLEAN,CLEAN,0.150578,0.19,2,correct,A snack packet and bottle sit on the side table beside a made bed; belongings are reasonably arranged and the wall and floor are clean.
frozen_resnet50_tile2x2_logreg_v2,A33 A single attach,A33,Room,v1_original,A33 A Single attach. .jpg,A33 A single attach/A33 A Single attach. .jpg,CLEAN,CLEAN,0.000272,0.05,3,correct,Tiles are clean with only a doormat; no visible housekeeping dirt or waste.
frozen_resnet50_tile2x2_logreg_v2,A33 A single attach,A33,Room,v1_original,IMG_20260918_104751.jpg,A33 A single attach/IMG_20260918_104751.jpg,CLEAN,NOT_CLEAN,0.063244,0.05,3,false_positive,Open floor clean with no debris; suitcase stood against the wall and a few desk items reasonably arranged.
frozen_resnet50_tile2x2_logreg_v2,A33 A single attach,A33,Room,v1_original,IMG_20260918_104756.jpg,A33 A single attach/IMG_20260918_104756.jpg,CLEAN,CLEAN,0.042499,0.05,3,correct,"Floor clean and free of waste; bed covered, desks hold bottles and small items in order."
frozen_resnet50_tile2x2_logreg_v2,A33 A single attach,A33,Room,v1_original,IMG_20260918_104801.jpg,A33 A single attach/IMG_20260918_104801.jpg,CLEAN,NOT_CLEAN,0.573929,0.05,3,false_positive,"No dirt, residue or waste visible; helmet and a few clothes rest on the made bed."
frozen_resnet50_tile2x2_logreg_v2,A33 A single attach,A33,Room,v1_original,IMG_20260918_104805.jpg,A33 A single attach/IMG_20260918_104805.jpg,CLEAN,NOT_CLEAN,0.183281,0.05,3,false_positive,Floor clean with no waste; clothes and helmet on the bed are normal belongings.
frozen_resnet50_tile2x2_logreg_v2,A33 A single attach,A33,Room,v1_original,IMG_20260918_104828.jpg,A33 A single attach/IMG_20260918_104828.jpg,CLEAN,CLEAN,0.003398,0.05,3,correct,Wardrobe area clean with one bottle standing on the floor; no debris or residue.
frozen_resnet50_tile2x2_logreg_v2,A33 C double common,A33,Room,v1_original,A33 C double Common.jpg,A33 C double common/A33 C double Common.jpg,CLEAN,CLEAN,0.001176,0.05,3,correct,"Bed with blanket, small carton on the side table and towels at the window; nothing dirty or discarded visible."
frozen_resnet50_tile2x2_logreg_v2,A33 C double common,A33,Room,v1_original,IMG_20260918_105110.jpg,A33 C double common/IMG_20260918_105110.jpg,CLEAN,CLEAN,0.025071,0.05,3,correct,"Floor clean with no waste; desk and chair clear, blanket left bunched on the bed only."
frozen_resnet50_tile2x2_logreg_v2,A33 C double common,A33,Room,v1_original,IMG_20260918_105117.jpg,A33 C double common/IMG_20260918_105117.jpg,CLEAN,NOT_CLEAN,0.148931,0.05,3,false_positive,"Tiles clean, no housekeeping dirt; bedding loose on the bed."
frozen_resnet50_tile2x2_logreg_v2,A33 C double common,A33,Room,v1_original,IMG_20260918_105124.jpg,A33 C double common/IMG_20260918_105124.jpg,CLEAN,CLEAN,0.002855,0.05,3,correct,"Suitcase stored on the wardrobe and a bottle above; floor clean, no waste."
frozen_resnet50_tile2x2_logreg_v2,A33 C double common,A33,Room,v1_original,IMG_20260918_105135.jpg,A33 C double common/IMG_20260918_105135.jpg,CLEAN,CLEAN,0.017958,0.05,3,correct,Desks and chairs in place with a cable along the floor; no waste or dirt visible.
frozen_resnet50_tile2x2_logreg_v2,A33 C double common,A33,Room,v1_original,IMG_20260918_105143.jpg,A33 C double common/IMG_20260918_105143.jpg,CLEAN,NOT_CLEAN,0.562304,0.05,3,false_positive,A few clothes on the bed and a weighing scale on the floor; floor clean.
frozen_resnet50_tile2x2_logreg_v2,A33 C double common,A33,Room,v1_original,IMG_20260918_105157.jpg,A33 C double common/IMG_20260918_105157.jpg,NOT_CLEAN,CLEAN,0.02354,0.05,3,false_negative,"A large crumpled brown packing cover lies discarded on the floor beside the suitcase - visible waste material, so the area is not clean. Tiles themselves are clean."
frozen_resnet50_tile2x2_logreg_v2,A33 C double common,A33,Room,v1_original,IMG_20260918_105203.jpg,A33 C double common/IMG_20260918_105203.jpg,NOT_CLEAN,NOT_CLEAN,0.285473,0.05,3,correct,Closer view of the same discarded packing cover spread loose across the floor.
frozen_resnet50_tile2x2_logreg_v2,A33 C double common,A33,Room,v1_original,IMG_20260918_105215.jpg,A33 C double common/IMG_20260918_105215.jpg,CLEAN,CLEAN,0.006612,0.05,3,correct,"Cabinet with utensils, clothes on a hook, scale on the floor; no waste or residue."
frozen_resnet50_tile2x2_logreg_v2,A33 C double common,A33,Room,v1_original,IMG_20260918_105219.jpg,A33 C double common/IMG_20260918_105219.jpg,CLEAN,NOT_CLEAN,0.109127,0.05,3,false_positive,Floor clean and clear; clothes hanging behind the door.
frozen_resnet50_tile2x2_logreg_v2,A33 C double common,A33,Room,v1_original,IMG_20260918_105224.jpg,A33 C double common/IMG_20260918_105224.jpg,CLEAN,NOT_CLEAN,0.134031,0.05,3,false_positive,Carton and luggage stored beside the bed; no garbage or dirt visible.
frozen_resnet50_tile2x2_logreg_v2,A33 C double common,A33,Room,v1_original,IMG_20260918_105241.jpg,A33 C double common/IMG_20260918_105241.jpg,CLEAN,CLEAN,0.000278,0.05,3,correct,"Window wall and doorway; floor clean, nothing discarded."
frozen_resnet50_tile2x2_logreg_v2,A33 C double common,A33,Room,v1_original,IMG_20260918_105245.jpg,A33 C double common/IMG_20260918_105245.jpg,CLEAN,CLEAN,0.047171,0.05,3,correct,"Wide view: bed made, suitcase on the wardrobe, floor clean."
frozen_resnet50_tile2x2_logreg_v2,A34 A single attach,A34,Room,v1_original,A34 A Single attach.jpg,A34 A single attach/A34 A Single attach.jpg,CLEAN,CLEAN,0.002394,0.27,4,correct,Bed corner with folded bedding; no waste and the visible floor is clean.
frozen_resnet50_tile2x2_logreg_v2,A34 A single attach,A34,Room,v1_original,IMG_20260918_104319.jpg,A34 A single attach/IMG_20260918_104319.jpg,CLEAN,CLEAN,0.054212,0.27,4,correct,"Desk, paper bags and stool kept together in the corner; floor clean, no waste."
frozen_resnet50_tile2x2_logreg_v2,A34 A single attach,A34,Room,v1_original,IMG_20260918_104324.jpg,A34 A single attach/IMG_20260918_104324.jpg,CLEAN,CLEAN,0.015385,0.27,4,correct,Large open floor area clean and clear of debris.
frozen_resnet50_tile2x2_logreg_v2,A34 A single attach,A34,Room,v1_original,IMG_20260918_104330.jpg,A34 A single attach/IMG_20260918_104330.jpg,CLEAN,CLEAN,0.001023,0.27,4,correct,Desk with computer and towel folded on the chair; floor clean.
frozen_resnet50_tile2x2_logreg_v2,A34 A single attach,A34,Room,v1_original,IMG_20260918_104334.jpg,A34 A single attach/IMG_20260918_104334.jpg,CLEAN,CLEAN,0.000609,0.27,4,correct,Bed made with a few clothes on it; no waste or residue.
frozen_resnet50_tile2x2_logreg_v2,A34 A single attach,A34,Room,v1_original,IMG_20260918_104337.jpg,A34 A single attach/IMG_20260918_104337.jpg,CLEAN,CLEAN,0.003696,0.27,4,correct,"Bed covered, floor clean, nothing discarded."
frozen_resnet50_tile2x2_logreg_v2,A34 A single attach,A34,Room,v1_original,IMG_20260918_104358.jpg,A34 A single attach/IMG_20260918_104358.jpg,CLEAN,NOT_CLEAN,0.321436,0.27,4,false_positive,Desk in use with a box stored underneath; no debris on the floor.
frozen_resnet50_tile2x2_logreg_v2,A34 A single attach,A34,Room,v1_original,IMG_20260918_104414.jpg,A34 A single attach/IMG_20260918_104414.jpg,CLEAN,CLEAN,0.001371,0.27,4,correct,Doorway with doormat and luggage against the wall; floor clean.
frozen_resnet50_tile2x2_logreg_v2,A34 A single attach,A34,Room,v1_original,IMG_20260918_104444.jpg,A34 A single attach/IMG_20260918_104444.jpg,CLEAN,CLEAN,0.019384,0.27,4,correct,"Utility corner with ironing board, rack and bucket arranged along the wall; floor clean."
frozen_resnet50_tile2x2_logreg_v2,A34 A single attach,A34,Room,v1_original,IMG_20260918_104514.jpg,A34 A single attach/IMG_20260918_104514.jpg,CLEAN,CLEAN,0.010691,0.27,4,correct,Storage corner kept in order; no waste or dirt visible.
frozen_resnet50_tile2x2_logreg_v2,A34 B double attach,A34,Room,v1_original,A34 B double attach.jpg,A34 B double attach/A34 B double attach.jpg,NOT_CLEAN,CLEAN,0.105266,0.27,4,false_negative,"Tiles are clean with no housekeeping dirt, but clothes are dumped over a chair and over storage boxes with cartons and a jar crowding the corner - the room looks untidy."
frozen_resnet50_tile2x2_logreg_v2,A34 B double attach,A34,Room,v1_original,IMG_20260918_103815.jpg,A34 B double attach/IMG_20260918_103815.jpg,NOT_CLEAN,CLEAN,0.010018,0.27,4,false_negative,"Tiles clean, but five-plus pairs of shoes and a slipper lie spread across the floor, a yellow bag is dropped on the tiles and clothes are strewn over a bare mattress."
frozen_resnet50_tile2x2_logreg_v2,A34 B double attach,A34,Room,v1_original,IMG_20260918_103820.jpg,A34 B double attach/IMG_20260918_103820.jpg,NOT_CLEAN,CLEAN,0.059671,0.27,4,false_negative,"Clothes heaped over both mattresses, shoes and a bag on the floor, a packet left on the mattress; floor itself clean."
frozen_resnet50_tile2x2_logreg_v2,A34 B double attach,A34,Room,v1_original,IMG_20260918_103827.jpg,A34 B double attach/IMG_20260918_103827.jpg,NOT_CLEAN,CLEAN,0.133266,0.27,4,false_negative,"Clothes and a steel vessel dumped on the chair, slippers loose on the floor, mattress standing across the bathroom doorway."
frozen_resnet50_tile2x2_logreg_v2,A34 B double attach,A34,Room,v1_original,IMG_20260918_103844.jpg,A34 B double attach/IMG_20260918_103844.jpg,NOT_CLEAN,CLEAN,0.002564,0.27,4,false_negative,"A cloth is thrown over the chair and trails onto the floor, with further scattered items and bottles visible in the room beyond."
frozen_resnet50_tile2x2_logreg_v2,A34 B double attach,A34,Room,v1_original,IMG_20260918_103854.jpg,A34 B double attach/IMG_20260918_103854.jpg,NOT_CLEAN,NOT_CLEAN,0.78763,0.27,4,correct,"Two open suitcases on the floor with contents spilling out, shoes scattered around them, clothes heaped on the mattress."
frozen_resnet50_tile2x2_logreg_v2,A34 B double attach,A34,Room,v1_original,IMG_20260918_103858.jpg,A34 B double attach/IMG_20260918_103858.jpg,NOT_CLEAN,NOT_CLEAN,0.892592,0.27,4,correct,"Open suitcase tipped onto the floor, yellow bag and slipper on the tiles, clothes across both mattresses."
frozen_resnet50_tile2x2_logreg_v2,A34 B double attach,A34,Room,v1_original,IMG_20260918_104015.jpg,A34 B double attach/IMG_20260918_104015.jpg,NOT_CLEAN,CLEAN,0.088893,0.27,4,false_negative,Clothes draped over two chairs with a carton and jar on the floor corner; tiles clean but the corner is unarranged.
frozen_resnet50_tile2x2_logreg_v2,A34 B double attach,A34,Room,v1_original,IMG_20260918_104031.jpg,A34 B double attach/IMG_20260918_104031.jpg,NOT_CLEAN,NOT_CLEAN,0.496112,0.27,4,correct,"Clothes over chairs, open suitcase on the floor, shoes below the bed; the room looks visibly untidy."
frozen_resnet50_tile2x2_logreg_v2,B41 B double attach,B41,Room,v1_original,B41  B Double attach.jpg,B41 B double attach/B41  B Double attach.jpg,CLEAN,NOT_CLEAN,0.652148,0.29,5,false_positive,"Desk with laptop and bottles, towel on the chair; floor clean and clear of waste."
frozen_resnet50_tile2x2_logreg_v2,B41 B double attach,B41,Room,v1_original,B41 B double attach. .jpg,B41 B double attach/B41 B double attach. .jpg,CLEAN,CLEAN,0.010186,0.29,5,correct,"Backpack kept on the floor and footwear on a rack; tiles clean, no debris."
frozen_resnet50_tile2x2_logreg_v2,B41 B double attach,B41,Room,v1_original,IMG_20260918_111705.jpg,B41 B double attach/IMG_20260918_111705.jpg,CLEAN,NOT_CLEAN,0.927802,0.29,5,false_positive,"Bed with bedding, suitcase beside it and shoes under the bed; no waste or residue."
frozen_resnet50_tile2x2_logreg_v2,B41 B double attach,B41,Room,v1_original,IMG_20260918_111711.jpg,B41 B double attach/IMG_20260918_111711.jpg,CLEAN,CLEAN,0.225276,0.29,5,correct,Bedding pulled back and shoes kept under the bed; floor clean.
frozen_resnet50_tile2x2_logreg_v2,B41 B double attach,B41,Room,v1_original,IMG_20260918_111715.jpg,B41 B double attach/IMG_20260918_111715.jpg,CLEAN,CLEAN,0.005143,0.29,5,correct,Study corner in use with a towel on the chair; no residue or debris.
frozen_resnet50_tile2x2_logreg_v2,B41 B double attach,B41,Room,v1_original,IMG_20260918_111718.jpg,B41 B double attach/IMG_20260918_111718.jpg,CLEAN,CLEAN,0.064379,0.29,5,correct,"Laptop and bottles on the desk, clothes on the bed, slippers at the bedside - reasonably placed."
frozen_resnet50_tile2x2_logreg_v2,B41 B double attach,B41,Room,v1_original,IMG_20260918_111720.jpg,B41 B double attach/IMG_20260918_111720.jpg,CLEAN,CLEAN,0.008937,0.29,5,correct,Towel hanging to dry and pillow on the bed; nothing discarded.
frozen_resnet50_tile2x2_logreg_v2,B41 B double attach,B41,Room,v1_original,IMG_20260918_111728.jpg,B41 B double attach/IMG_20260918_111728.jpg,CLEAN,CLEAN,0.009544,0.29,5,correct,"Doormat at the door, suitcase and shoes stored beside the bed; floor clean."
frozen_resnet50_tile2x2_logreg_v2,B41 B double attach,B41,Room,v1_original,IMG_20260918_111733.jpg,B41 B double attach/IMG_20260918_111733.jpg,CLEAN,CLEAN,0.005006,0.29,5,correct,Wardrobes with containers stored on top; floor clean and clear.
frozen_resnet50_tile2x2_logreg_v2,B41 B double attach,B41,Room,v1_original,IMG_20260918_111738.jpg,B41 B double attach/IMG_20260918_111738.jpg,CLEAN,CLEAN,0.002394,0.29,5,correct,"Iron kept on the shelf and clothes hanging; floor clean, no waste."
frozen_resnet50_tile2x2_logreg_v2,B41 B double attach,B41,Room,v1_original,IMG_20260918_111743.jpg,B41 B double attach/IMG_20260918_111743.jpg,CLEAN,NOT_CLEAN,0.479317,0.29,5,false_positive,Tiles clean; shoes under the bed and towel on the chair.
frozen_resnet50_tile2x2_logreg_v2,B41 C double common,B41,Kitchen,v1_original,IMG_20260918_110949.jpg,B41 C double common/Kitchen/IMG_20260918_110949.jpg,NOT_CLEAN,CLEAN,0.18742,0.29,5,false_negative,"Kitchen surfaces show visible dirty conditions: dried spilled residue across the fridge top, a tray and plastic bags of waste left on the counter, and a cloth lying on the floor."
frozen_resnet50_tile2x2_logreg_v2,B41 C double common,B41,Kitchen,v1_original,IMG_20260918_111002.jpg,B41 C double common/Kitchen/IMG_20260918_111002.jpg,NOT_CLEAN,NOT_CLEAN,0.997041,0.29,5,correct,Counter slab is stained and greasy along its length with food residue around the induction plate; vessels and jars sit in the residue and a cloth is dropped on the floor by the bin.
frozen_resnet50_tile2x2_logreg_v2,B41 C double common,B41,Kitchen,v1_original,IMG_20260918_111005.jpg,B41 C double common/Kitchen/IMG_20260918_111005.jpg,NOT_CLEAN,CLEAN,0.141203,0.29,5,false_negative,"Sink and surrounding slab show residue and grime, and a dirty cloth lies on the floor beside the washing machine."
frozen_resnet50_tile2x2_logreg_v2,B41 C double common,B41,Kitchen,v1_original,IMG_20260918_111008.jpg,B41 C double common/Kitchen/IMG_20260918_111008.jpg,CLEAN,NOT_CLEAN,0.4346,0.29,5,false_positive,"Kitchen/utility area is clean with no visible housekeeping dirt or waste; washing machine, shoe rack and clothes on a stool are normal household use."
frozen_resnet50_tile2x2_logreg_v2,B41 C double common,B41,Kitchen,v1_original,IMG_20260918_111013.jpg,B41 C double common/Kitchen/IMG_20260918_111013.jpg,CLEAN,CLEAN,0.002455,0.29,5,correct,"Clothes on a drying stand beside the doors are normal use, not a cleanliness problem; floor clean with no waste."
frozen_resnet50_tile2x2_logreg_v2,B41 C double common,B41,Room,v1_original,B 41 C  double common.jpg,B41 C double common/B 41 C  double common.jpg,NOT_CLEAN,CLEAN,0.012455,0.29,5,false_negative,"White paper debris lies on the floor tiles near the door, so the floor is not clean; cloth over a chair and bucket on the floor."
frozen_resnet50_tile2x2_logreg_v2,B41 C double common,B41,Room,v1_original,IMG_20260918_111123.jpg,B41 C double common/IMG_20260918_111123.jpg,CLEAN,CLEAN,0.001346,0.29,5,correct,"Wardrobe, umbrella opened to dry and bed with bedcover; no housekeeping dirt or waste visible."
frozen_resnet50_tile2x2_logreg_v2,B41 C double common,B41,Room,v1_original,IMG_20260918_111127.jpg,B41 C double common/IMG_20260918_111127.jpg,CLEAN,CLEAN,0.003668,0.29,5,correct,"Bedcover left rumpled with two garments on it and clothes hanging on wall hooks; no waste, residue or floor dirt visible - normal belongings."
frozen_resnet50_tile2x2_logreg_v2,B41 C double common,B41,Room,v1_original,IMG_20260918_111131.jpg,B41 C double common/IMG_20260918_111131.jpg,NOT_CLEAN,NOT_CLEAN,0.732029,0.29,5,correct,"Table crowded with bottles, packets and paper bags; clothes heaped on the bed and spilling onto the floor with a backpack among them."
frozen_resnet50_tile2x2_logreg_v2,B41 C double common,B41,Room,v1_original,IMG_20260918_111134.jpg,B41 C double common/IMG_20260918_111134.jpg,NOT_CLEAN,CLEAN,0.033309,0.29,5,false_negative,Bed covered by a pile of loose clothes with more items stacked on the side table.
frozen_resnet50_tile2x2_logreg_v2,B41 C double common,B41,Room,v1_original,IMG_20260918_111147.jpg,B41 C double common/IMG_20260918_111147.jpg,NOT_CLEAN,NOT_CLEAN,0.54354,0.29,5,correct,A crumpled tissue/paper piece lies on the floor tile - visible waste on the floor; cloths draped over the bed frame and chair.
frozen_resnet50_tile2x2_logreg_v2,B41 C double common,B41,Room,v1_original,IMG_20260918_111209.jpg,B41 C double common/IMG_20260918_111209.jpg,NOT_CLEAN,NOT_CLEAN,0.692765,0.29,5,correct,"Clothes heaped on the bed and dropped on the floor, paper bags and a backpack on the tiles, table crowded with bottles."
frozen_resnet50_tile2x2_logreg_v2,B41 C double common,B41,Room,v1_original,IMG_20260918_111216.jpg,B41 C double common/IMG_20260918_111216.jpg,CLEAN,CLEAN,0.000504,0.29,5,correct,Clothes hanging on the wall hook and bed with bedcover; no waste or housekeeping dirt visible.
frozen_resnet50_tile2x2_logreg_v2,B41 C double common,B41,Room,v1_original,IMG_20260918_111220.jpg,B41 C double common/IMG_20260918_111220.jpg,NOT_CLEAN,CLEAN,0.004748,0.29,5,false_negative,"Two white paper/tissue pieces lie on the passage tiles, so the floor is not clean; clothes draped over a stool and chair."
frozen_resnet50_tile2x2_logreg_v2,B41 D single attach,B41,Room,v1_original,B41 D single attach.jpg,B41 D single attach/B41 D single attach.jpg,CLEAN,CLEAN,0.000781,0.29,5,correct,Tiles clean and shiny with doormat and dustbin in place; no waste.
frozen_resnet50_tile2x2_logreg_v2,B41 D single attach,B41,Room,v1_original,IMG_20260918_111416.jpg,B41 D single attach/IMG_20260918_111416.jpg,CLEAN,CLEAN,0.006704,0.29,5,correct,Bed neatly covered with a bag and cushion on it; floor clean.
frozen_resnet50_tile2x2_logreg_v2,B41 D single attach,B41,Room,v1_original,IMG_20260918_111425.jpg,B41 D single attach/IMG_20260918_111425.jpg,CLEAN,CLEAN,0.000576,0.29,5,correct,Clean reflective floor with dustbin by the balcony door; no debris or stains.
frozen_resnet50_tile2x2_logreg_v2,B41 D single attach,B41,Room,v1_original,IMG_20260918_111442.jpg,B41 D single attach/IMG_20260918_111442.jpg,CLEAN,CLEAN,0.000699,0.29,5,correct,Desk with a bottle and charger; floor clear of waste.
frozen_resnet50_tile2x2_logreg_v2,B41 D single attach,B41,Room,v1_original,IMG_20260918_111500.jpg,B41 D single attach/IMG_20260918_111500.jpg,CLEAN,CLEAN,0.01354,0.29,5,correct,Suitcase stored on the wardrobe and slippers kept beside it; floor clean.
frozen_resnet50_tile2x2_logreg_v2,B41 D single attach,B41,Room,v1_original,IMG_20260918_111507.jpg,B41 D single attach/IMG_20260918_111507.jpg,CLEAN,CLEAN,0.000385,0.29,5,correct,Bed with pillow and folded cloth; no waste visible.
frozen_resnet50_tile2x2_logreg_v2,B41 D single attach,B41,Room,v1_original,IMG_20260918_111517.jpg,B41 D single attach/IMG_20260918_111517.jpg,CLEAN,CLEAN,0.003867,0.29,5,correct,Backpack and cushion on the covered bed - normal belongings; floor clean.
frozen_resnet50_tile2x2_logreg_v2,B41 D single attach,B41,Room,v1_original,IMG_20260918_111527.jpg,B41 D single attach/IMG_20260918_111527.jpg,CLEAN,CLEAN,0.000328,0.29,5,correct,Entry area with doormat and dustbin; tiles clean with no litter.
frozen_resnet50_tile2x2_logreg_v2,C21 A single common,C21,Room,v1_original,IMG_20260918_113220.jpg,C21 A single common/IMG_20260918_113220.jpg,NOT_CLEAN,CLEAN,0.022089,0.3,6,false_negative,"A crushed empty bottle, a used tissue roll and a wrapper are left lying on the desk - visible waste that has not been cleared."
frozen_resnet50_tile2x2_logreg_v2,C21 A single common,C21,Room,v1_original,IMG_20260918_113224.jpg,C21 A single common/IMG_20260918_113224.jpg,CLEAN,CLEAN,0.005358,0.3,6,correct,Cabinet with toiletries and bed corner; visible floor clear of waste and debris.
frozen_resnet50_tile2x2_logreg_v2,C21 A single common,C21,Room,v1_original,IMG_20260918_113231.jpg,C21 A single common/IMG_20260918_113231.jpg,CLEAN,CLEAN,0.025608,0.3,6,correct,Bed with pillow and bedcover; nothing dirty or discarded visible.
frozen_resnet50_tile2x2_logreg_v2,C21 A single common,C21,Room,v1_original,IMG_20260918_113239.jpg,C21 A single common/IMG_20260918_113239.jpg,CLEAN,CLEAN,0.172141,0.3,6,correct,Bed with blanket and chair with towel; visible floor clear of waste.
frozen_resnet50_tile2x2_logreg_v2,C21 A single common,C21,Room,v1_original,IMG_20260918_113243.jpg,C21 A single common/IMG_20260918_113243.jpg,CLEAN,CLEAN,0.012297,0.3,6,correct,Doorway with slippers kept at the side; floor clear of litter.
frozen_resnet50_tile2x2_logreg_v2,C21 A single common,C21,Room,v1_original,IMG_20260918_113250.jpg,C21 A single common/IMG_20260918_113250.jpg,NOT_CLEAN,CLEAN,0.052982,0.3,6,false_negative,A dried spill/residue patch and a small lid lie on the floor in the desk corner and an empty bottle with a tissue roll is left on the desk - the corner has not been cleaned.
frozen_resnet50_tile2x2_logreg_v2,C21 B double attach,C21,Room,v1_original,C21 B double attach.jpg,C21 B double attach/C21 B double attach.jpg,CLEAN,CLEAN,0.042991,0.3,6,correct,Helmet and suitcase stored on the wardrobe; floor clean and clear.
frozen_resnet50_tile2x2_logreg_v2,C21 B double attach,C21,Room,v1_original,IMG_20260918_113357.jpg,C21 B double attach/IMG_20260918_113357.jpg,CLEAN,CLEAN,0.028356,0.3,6,correct,"Clothes on a wall hook, folded clothes on the bed, doormat in place; tiles clean with no waste."
frozen_resnet50_tile2x2_logreg_v2,C21 B double attach,C21,Room,v1_original,IMG_20260918_113400.jpg,C21 B double attach/IMG_20260918_113400.jpg,CLEAN,CLEAN,0.009155,0.3,6,correct,Two beds with bedding and folded clothes and a rug on the floor; no waste or dirt.
frozen_resnet50_tile2x2_logreg_v2,C21 B double attach,C21,Room,v1_original,IMG_20260918_113408.jpg,C21 B double attach/IMG_20260918_113408.jpg,CLEAN,CLEAN,0.004341,0.3,6,correct,"Bed with pillows and clothes, cabinet and box beside it; floor clean."
frozen_resnet50_tile2x2_logreg_v2,C21 B double attach,C21,Room,v1_original,IMG_20260918_113413.jpg,C21 B double attach/IMG_20260918_113413.jpg,CLEAN,CLEAN,0.022746,0.3,6,correct,"Desk with bottle, bag on the chair, stool stored under the desk."
frozen_resnet50_tile2x2_logreg_v2,C21 B double attach,C21,Room,v1_original,IMG_20260918_113416.jpg,C21 B double attach/IMG_20260918_113416.jpg,CLEAN,CLEAN,0.000864,0.3,6,correct,Desk and wardrobe in order; floor clean with no debris.
frozen_resnet50_tile2x2_logreg_v2,C21 B double attach,C21,Room,v1_original,IMG_20260918_113422.jpg,C21 B double attach/IMG_20260918_113422.jpg,CLEAN,CLEAN,0.005266,0.3,6,correct,"Wide view: beds and desk in use, floor clean and free of waste."
frozen_resnet50_tile2x2_logreg_v2,C21 B double attach,C21,Room,v1_original,IMG_20260918_113430.jpg,C21 B double attach/IMG_20260918_113430.jpg,CLEAN,CLEAN,0.0003,0.3,6,correct,Bathroom doorway; tiles clean and clear of litter.
frozen_resnet50_tile2x2_logreg_v2,C21 B double attach,C21,Room,v1_original,IMG_20260918_113433.jpg,C21 B double attach/IMG_20260918_113433.jpg,CLEAN,CLEAN,0.017812,0.3,6,correct,"Floor mat by the bed, clean tiles, nothing discarded."
frozen_resnet50_tile2x2_logreg_v2,C21 B double attach,C21,Room,v1_original,IMG_20260918_113438.jpg,C21 B double attach/IMG_20260918_113438.jpg,CLEAN,CLEAN,0.001325,0.3,6,correct,Door with doormat and clothes hanging; floor clean.
frozen_resnet50_tile2x2_logreg_v2,C21 C double common,C21,Kitchen,v1_original,IMG_20260918_112605.jpg,C21 C double common/Kitchen/IMG_20260918_112605.jpg,NOT_CLEAN,NOT_CLEAN,0.755935,0.3,6,correct,The appliance/fridge top is visibly soiled with brown residue and crumbs and has not been wiped; devices standing on it are stained too.
frozen_resnet50_tile2x2_logreg_v2,C21 C double common,C21,Kitchen,v1_original,IMG_20260918_112611.jpg,C21 C double common/Kitchen/IMG_20260918_112611.jpg,CLEAN,NOT_CLEAN,0.307874,0.3,6,false_positive,"Kitchen area clean with no visible residue or waste; counter vessels, dustbins and mat are normal household use and the floor is clean."
frozen_resnet50_tile2x2_logreg_v2,C21 C double common,C21,Kitchen,v1_original,IMG_20260918_112616.jpg,C21 C double common/Kitchen/IMG_20260918_112616.jpg,NOT_CLEAN,NOT_CLEAN,0.998867,0.3,6,correct,"Unwashed vessels - bowl with knife, cooker, plates, pan - left on the counter with visible crumbs and food residue across the slab."
frozen_resnet50_tile2x2_logreg_v2,C21 C double common,C21,Kitchen,v1_original,IMG_20260918_112620.jpg,C21 C double common/Kitchen/IMG_20260918_112620.jpg,CLEAN,CLEAN,0.140251,0.3,6,correct,"Clothes on a drying stand - normal common-area use, not dirt; floor tiles clean with no waste."
frozen_resnet50_tile2x2_logreg_v2,C21 C double common,C21,Kitchen,v1_original,IMG_20260918_112629.jpg,C21 C double common/Kitchen/IMG_20260918_112629.jpg,CLEAN,CLEAN,0.019342,0.3,6,correct,"Drying stand, shoe stand and footwear at the doorway; floor clean, nothing discarded."
frozen_resnet50_tile2x2_logreg_v2,C21 C double common,C21,Kitchen,v1_original,IMG_20260918_112638.jpg,C21 C double common/Kitchen/IMG_20260918_112638.jpg,CLEAN,NOT_CLEAN,0.966158,0.3,6,false_positive,Sink and counter reasonably clean with bottles and vessels in normal use; no food residue or waste on the floor.
frozen_resnet50_tile2x2_logreg_v2,C21 C double common,C21,Room,v1_original,C21 C double Common.jpg,C21 C double common/C21 C double Common.jpg,CLEAN,CLEAN,0.004884,0.3,6,correct,Ironing board stored on the wardrobe and jeans over a chair; floor clean with no waste.
frozen_resnet50_tile2x2_logreg_v2,C21 C double common,C21,Room,v1_original,IMG_20260918_112714.jpg,C21 C double common/IMG_20260918_112714.jpg,CLEAN,CLEAN,0.007994,0.3,6,correct,"Bed with a storage box, chair and stool in place; tiles clean."
frozen_resnet50_tile2x2_logreg_v2,C21 C double common,C21,Room,v1_original,IMG_20260918_112717.jpg,C21 C double common/IMG_20260918_112717.jpg,CLEAN,CLEAN,0.062236,0.3,6,correct,"Bed and stool with clothes over it; floor clean, no debris."
frozen_resnet50_tile2x2_logreg_v2,C21 C double common,C21,Room,v1_original,IMG_20260918_112720.jpg,C21 C double common/IMG_20260918_112720.jpg,CLEAN,CLEAN,0.004369,0.3,6,correct,Bed with bedding and box and a side cabinet; no waste visible.
frozen_resnet50_tile2x2_logreg_v2,C21 C double common,C21,Room,v1_original,IMG_20260918_112725.jpg,C21 C double common/IMG_20260918_112725.jpg,CLEAN,CLEAN,0.01858,0.3,6,correct,Two beds with cabinets holding bottles and books; tiles clean.
frozen_resnet50_tile2x2_logreg_v2,C21 C double common,C21,Room,v1_original,IMG_20260918_112727.jpg,C21 C double common/IMG_20260918_112727.jpg,CLEAN,CLEAN,0.016455,0.3,6,correct,Bed with bedcover and cabinet with personal items; nothing discarded.
frozen_resnet50_tile2x2_logreg_v2,C21 C double common,C21,Room,v1_original,IMG_20260918_112741.jpg,C21 C double common/IMG_20260918_112741.jpg,CLEAN,CLEAN,0.004504,0.3,6,correct,Bed with quilt spread on it; no waste or dirt visible.
frozen_resnet50_tile2x2_logreg_v2,C21 C double common,C21,Room,v1_original,IMG_20260918_112745.jpg,C21 C double common/IMG_20260918_112745.jpg,CLEAN,CLEAN,0.028675,0.3,6,correct,"Beds, cabinets and a stored carton; floor clear of litter."
frozen_resnet50_tile2x2_logreg_v2,C21 C double common,C21,Room,v1_original,IMG_20260918_112750.jpg,C21 C double common/IMG_20260918_112750.jpg,CLEAN,CLEAN,0.008821,0.3,6,correct,Bed with folded clothes and footwear kept at the doorway; floor clean.
frozen_resnet50_tile2x2_logreg_v2,C21 C double common,C21,Room,v1_original,IMG_20260918_112755.jpg,C21 C double common/IMG_20260918_112755.jpg,CLEAN,NOT_CLEAN,0.415302,0.3,6,false_positive,"Desk with bottles and toiletries and a wardrobe; floor clean, no waste."
frozen_resnet50_tile2x2_logreg_v2,C21 C double common,C21,Room,v1_original,IMG_20260918_112759.jpg,C21 C double common/IMG_20260918_112759.jpg,CLEAN,CLEAN,0.029776,0.3,6,correct,"Bed with bedcover, cabinet with books and bottles and a paper bag beside it; floor clean."
frozen_resnet50_tile2x2_logreg_v2,C21 D single attach,C21,Room,v1_original,C21 D single attach.jpg,C21 D single attach/C21 D single attach.jpg,CLEAN,CLEAN,0.000405,0.3,6,correct,Wardrobe and wall; visible floor clear with nothing discarded.
frozen_resnet50_tile2x2_logreg_v2,C21 D single attach,C21,Room,v1_original,IMG_20260918_112920.jpg,C21 D single attach/IMG_20260918_112920.jpg,CLEAN,NOT_CLEAN,0.764284,0.3,6,false_positive,Tiles clean and shiny with mat and drying stand; storage rack against the wall.
frozen_resnet50_tile2x2_logreg_v2,C21 D single attach,C21,Room,v1_original,IMG_20260918_112926.jpg,C21 D single attach/IMG_20260918_112926.jpg,CLEAN,CLEAN,0.09316,0.3,6,correct,Desk with bottles and toiletries and cartons stacked on the rack; floor clean.
frozen_resnet50_tile2x2_logreg_v2,C21 D single attach,C21,Room,v1_original,IMG_20260918_112934.jpg,C21 D single attach/IMG_20260918_112934.jpg,CLEAN,CLEAN,0.002812,0.3,6,correct,Bed with blanket and a rack with bottles beside it; no waste.
frozen_resnet50_tile2x2_logreg_v2,C21 D single attach,C21,Room,v1_original,IMG_20260918_112938.jpg,C21 D single attach/IMG_20260918_112938.jpg,CLEAN,CLEAN,0.269456,0.3,6,correct,Desk with organised bottles and plate and cartons on the rack; floor clean with no litter.
frozen_resnet50_tile2x2_logreg_v2,C21 D single attach,C21,Room,v1_original,IMG_20260918_112950.jpg,C21 D single attach/IMG_20260918_112950.jpg,CLEAN,CLEAN,0.06904,0.3,6,correct,Storage rack with hangers and boxes kept in order; floor clean.
frozen_resnet50_tile2x2_logreg_v2,C21 D single attach,C21,Room,v1_original,IMG_20260918_112954.jpg,C21 D single attach/IMG_20260918_112954.jpg,CLEAN,CLEAN,0.01501,0.3,6,correct,"Wardrobe and rack with a floor mat by the door and a cloth on the floor; tiles clean, no waste."
frozen_resnet50_tile2x2_logreg_v2,C21 D single attach,C21,Room,v1_original,IMG_20260918_113000.jpg,C21 D single attach/IMG_20260918_113000.jpg,CLEAN,CLEAN,0.004818,0.3,6,correct,Bed corner with bottles on the cabinet; no residue or waste visible.
frozen_resnet50_tile2x2_logreg_v2,C31 B double attach,C31,Room,v1_original,C31 b double attach.jpg,C31 B double attach/C31 b double attach.jpg,NOT_CLEAN,NOT_CLEAN,0.671785,0.24,7,correct,"Tiles are clean with no dirt or garbage, but cooking vessels, cables, a racket, bags and a bottle are piled directly on the floor in the corner with packaging and an empty wrapper on the table - the room looks untidy."
frozen_resnet50_tile2x2_logreg_v2,C31 B double attach,C31,Room,v1_original,IMG_20260918_114321.jpg,C31 B double attach/IMG_20260918_114321.jpg,NOT_CLEAN,CLEAN,0.007338,0.24,7,false_negative,"Opened carton with papers on the floor by the fridge, backpack dropped beside it, slippers loose and suitcase in the walkway; tiles themselves clean."
frozen_resnet50_tile2x2_logreg_v2,C31 B double attach,C31,Room,v1_original,IMG_20260918_114326.jpg,C31 B double attach/IMG_20260918_114326.jpg,NOT_CLEAN,CLEAN,0.147652,0.24,7,false_negative,"Bedding tangled across the bed, packaging carton on the table, bag pushed under it and slippers on the floor."
frozen_resnet50_tile2x2_logreg_v2,C31 B double attach,C31,Room,v1_original,IMG_20260918_114331.jpg,C31 B double attach/IMG_20260918_114331.jpg,NOT_CLEAN,NOT_CLEAN,0.403822,0.24,7,correct,"Bed unmade with bedding loose, opened package on the table and bags underneath; tiles clean but the room is visibly unarranged."
frozen_resnet50_tile2x2_logreg_v2,C31 B double attach,C31,Room,v1_original,IMG_20260918_114344.jpg,C31 B double attach/IMG_20260918_114344.jpg,NOT_CLEAN,NOT_CLEAN,0.84057,0.24,7,correct,"Bedding, clothes, a power strip and a plastic bag tangled together across the whole bed."
frozen_resnet50_tile2x2_logreg_v2,C31 B double attach,C31,Room,v1_original,IMG_20260918_114348.jpg,C31 B double attach/IMG_20260918_114348.jpg,NOT_CLEAN,NOT_CLEAN,0.912515,0.24,7,correct,"Torn shoe box and bottles on the wardrobes, vessels and cables piled on the floor and opened packaging on the ledge."
frozen_resnet50_tile2x2_logreg_v2,C31 B double attach,C31,Room,v1_original,IMG_20260918_114351.jpg,C31 B double attach/IMG_20260918_114351.jpg,NOT_CLEAN,CLEAN,0.16948,0.24,7,false_negative,"Floor tiles visibly clean, but the corner holds vessels, cables and a bag on the floor with a slipper mid-room and a cloth thrown over the bed."
frozen_resnet50_tile2x2_logreg_v2,C31 B double attach,C31,Room,v1_original,IMG_20260918_114356.jpg,C31 B double attach/IMG_20260918_114356.jpg,CLEAN,CLEAN,0.035689,0.24,7,correct,"Clean tiles with a suitcase stood against the wall, coat on the door and folded bedding - belongings reasonably placed, no waste."
frozen_resnet50_tile2x2_logreg_v2,C31 C double Common,C31,Room,v1_original,IMG_20260918_113835.jpg,C31 C double Common/IMG_20260918_113835.jpg,CLEAN,CLEAN,0.000976,0.24,7,correct,"Tiles clean with no housekeeping dirt or waste; suitcase stood upright, clothes on the bed and shoes together - reasonably arranged."
frozen_resnet50_tile2x2_logreg_v2,C31 C double Common,C31,Room,v1_original,IMG_20260918_113838.jpg,C31 C double Common/IMG_20260918_113838.jpg,CLEAN,CLEAN,0.06303,0.24,7,correct,Floor tiles clean and no garbage; clothes on the bed with backpack and slippers beside it are normal belongings reasonably placed.
frozen_resnet50_tile2x2_logreg_v2,C31 C double Common,C31,Room,v1_original,IMG_20260918_113846.jpg,C31 C double Common/IMG_20260918_113846.jpg,CLEAN,CLEAN,0.04402,0.24,7,correct,One pile of clothes on the mattress; floor clean and empty with nothing discarded.
frozen_resnet50_tile2x2_logreg_v2,C31 C double Common,C31,Room,v1_original,IMG_20260918_113854.jpg,C31 C double Common/IMG_20260918_113854.jpg,CLEAN,CLEAN,0.00051,0.24,7,correct,A few garments on the mattress and a closed cabinet; floor clean.
frozen_resnet50_tile2x2_logreg_v2,C31 C double Common,C31,Room,v1_original,IMG_20260918_113857.jpg,C31 C double Common/IMG_20260918_113857.jpg,CLEAN,CLEAN,0.004334,0.24,7,correct,Bare mattress and open doorway; tiles clean and clear.
frozen_resnet50_tile2x2_logreg_v2,C31 C double Common,C31,Room,v1_original,IMG_20260918_113901.jpg,C31 C double Common/IMG_20260918_113901.jpg,CLEAN,CLEAN,0.055405,0.24,7,correct,"Blanket and clothes on the bed, snack packet and papers on the cabinet, backpack beside it; no waste on the floor and no residue."
frozen_resnet50_tile2x2_logreg_v2,C31 C double Common,C31,Room,v1_original,IMG_20260918_113909.jpg,C31 C double Common/IMG_20260918_113909.jpg,CLEAN,CLEAN,0.004823,0.24,7,correct,"Desk with laptop, suitcase and shoes by the wardrobe and clothes on hooks; tiles clean."
frozen_resnet50_tile2x2_logreg_v2,C31 C double Common,C31,Room,v1_original,IMG_20260918_113912.jpg,C31 C double Common/IMG_20260918_113912.jpg,CLEAN,CLEAN,0.006762,0.24,7,correct,"Study corner with laptop and bottle, clothes hanging and luggage below; nothing discarded."
frozen_resnet50_tile2x2_logreg_v2,C31 D single attach,C31,Room,v1_original,IMG_20260918_114047.jpg,C31 D single attach/IMG_20260918_114047.jpg,CLEAN,CLEAN,1.5e-05,0.24,7,correct,Tiles clean and reflective with wardrobe and fridge against the wall; nothing discarded.
frozen_resnet50_tile2x2_logreg_v2,C31 D single attach,C31,Room,v1_original,IMG_20260918_114050.jpg,C31 D single attach/IMG_20260918_114050.jpg,CLEAN,CLEAN,0.000275,0.24,7,correct,Clean shiny floor with doormat; no litter or residue.
frozen_resnet50_tile2x2_logreg_v2,C31 D single attach,C31,Room,v1_original,IMG_20260918_114054.jpg,C31 D single attach/IMG_20260918_114054.jpg,CLEAN,CLEAN,0.020233,0.24,7,correct,"Table with iron, bottles and a snack packet and a towel over the chair; floor clean with no waste."
frozen_resnet50_tile2x2_logreg_v2,C31 D single attach,C31,Room,v1_original,IMG_20260918_114058.jpg,C31 D single attach/IMG_20260918_114058.jpg,CLEAN,CLEAN,0.000266,0.24,7,correct,Bed with pillows and bedcover and a coat on the hook; nothing dirty or discarded.
frozen_resnet50_tile2x2_logreg_v2,C31 D single attach,C31,Room,v1_original,IMG_20260918_114111.jpg,C31 D single attach/IMG_20260918_114111.jpg,CLEAN,CLEAN,0.000778,0.24,7,correct,Wardrobe and cabinet; tiles clean and clear.
frozen_resnet50_tile2x2_logreg_v2,C31 D single attach,C31,Room,v1_original,IMG_20260918_114115.jpg,C31 D single attach/IMG_20260918_114115.jpg,CLEAN,CLEAN,0.000563,0.24,7,correct,Door area with doormat; floor clean with no litter.
frozen_resnet50_tile2x2_logreg_v2,C31 D single attach,C31,Room,v1_original,IMG_20260918_114120.jpg,C31 D single attach/IMG_20260918_114120.jpg,CLEAN,NOT_CLEAN,0.331961,0.24,7,false_positive,"Bed with clothes, towel, bottle, comb and remote - normal belongings; floor clean with no waste."
frozen_resnet50_tile2x2_logreg_v2,C31 D single attach,C31,Room,v1_original,IMG_20260918_114127.jpg,C31 D single attach/IMG_20260918_114127.jpg,CLEAN,CLEAN,0.001897,0.24,7,correct,Door and wardrobe with doormat on clean tiles; no waste or dirt visible.
