dataset_version,source_dataset,room_id,property_group,sub_area,image_file,image_path,label,human_reason,orientation,previously_used_for,in_original_manifest
v2_new_a11_a12,external_validation_inventory.csv,A11 B Double Attached,A11,Room,IMG-20260923-WA0016.jpg,A11 B Double Attached/IMG-20260923-WA0016.jpg,CLEAN,"Floor and surfaces are clean, bed made under the mosquito net, desk and dustbin in place; belongings are reasonably arranged and the room looks neat.",landscape,external validation of the v1 demo model,no
v2_new_a11_a12,external_validation_inventory.csv,A11 B Double Attached,A11,Room,IMG-20260923-WA0020.jpg,A11 B Double Attached/IMG-20260923-WA0020.jpg,CLEAN,"Wall, doorway and wardrobe are clean with nothing discarded; the room is reasonably organized.",landscape,external validation of the v1 demo model,no
v2_new_a11_a12,external_validation_inventory.csv,A11 B Double Attached,A11,Room,IMG-20260923-WA0022.jpg,A11 B Double Attached/IMG-20260923-WA0022.jpg,CLEAN,"Tiles are clean, both beds are made, the desk is tidy and the dustbin and mat are in place; the room looks neat.",portrait,external validation of the v1 demo model,no
v2_new_a11_a12,external_validation_inventory.csv,A11 B Double Attached,A11,Room,IMG-20260923-WA0023.jpg,A11 B Double Attached/IMG-20260923-WA0023.jpg,CLEAN,"Jackets are hung on wall hooks rather than left lying around, and the floor and doorway are clean.",portrait,external validation of the v1 demo model,no
v2_new_a11_a12,external_validation_inventory.csv,A11 B Double Attached,A11,Room,IMG-20260923-WA0024.jpg,A11 B Double Attached/IMG-20260923-WA0024.jpg,CLEAN,"Shoes are kept on a shelf, the bin is in use and the floor is clean; the wall-base stain is a maintenance issue, not housekeeping dirt.",portrait,external validation of the v1 demo model,no
v2_new_a11_a12,external_validation_inventory.csv,A11 B Double Attached,A11,Room,IMG-20260923-WA0025.jpg,A11 B Double Attached/IMG-20260923-WA0025.jpg,CLEAN,Close floor view shows clean tiles with a mat and a suitcase stored under the bed; no waste or debris.,portrait,external validation of the v1 demo model,no
v2_new_a11_a12,external_validation_inventory.csv,A11 C Double common,A11,Room,IMG-20260923-WA0053.jpg,A11 C Double common/IMG-20260923-WA0053.jpg,NOT_CLEAN,"Towels and cloth are dumped on the floor, cables trail across the tiles and boxes and slippers are left around the desk, so the room looks visibly untidy although the tiles are clean.",portrait,external validation of the v1 demo model,no
v2_new_a11_a12,external_validation_inventory.csv,A11 C Double common,A11,Room,IMG-20260923-WA0054.jpg,A11 C Double common/IMG-20260923-WA0054.jpg,NOT_CLEAN,"Cartons, shoes and bags are left on the floor between the beds and the desk is crowded with loose items, making the room visibly untidy despite the clean floor.",portrait,external validation of the v1 demo model,no
v2_new_a11_a12,external_validation_inventory.csv,A11 C Double common,A11,Room,IMG-20260923-WA0055.jpg,A11 C Double common/IMG-20260923-WA0055.jpg,CLEAN,"AC, curtain and doorway are clean with no waste or dirt, and no belongings are left scattered in view.",portrait,external validation of the v1 demo model,no
v2_new_a11_a12,external_validation_inventory.csv,A11 C Double common,A11,Room,IMG-20260923-WA0056.jpg,A11 C Double common/IMG-20260923-WA0056.jpg,NOT_CLEAN,"A laundry basket is overflowing with clothes spilling onto the floor, backpacks are dropped beside it and a plastic sheet lies on the tiles.",portrait,external validation of the v1 demo model,no
v2_new_a11_a12,external_validation_inventory.csv,A11 C Double common,A11,Room,IMG-20260923-WA0057.jpg,A11 C Double common/IMG-20260923-WA0057.jpg,NOT_CLEAN,"A backpack and bags are left on the floor beside the wardrobe and clothing is draped over the wardrobe edge, so the belongings are not properly arranged even though the floor is clean.",portrait,external validation of the v1 demo model,no
v2_new_a11_a12,external_validation_inventory.csv,A11 C Double common,A11,Room,IMG-20260923-WA0058.jpg,A11 C Double common/IMG-20260923-WA0058.jpg,CLEAN,Balcony doorway and curtains with a clean floor; no waste and no belongings left scattered.,portrait,external validation of the v1 demo model,no
v2_new_a11_a12,external_validation_inventory.csv,A11 C Double common,A11,Room,IMG-20260923-WA0059.jpg,A11 C Double common/IMG-20260923-WA0059.jpg,NOT_CLEAN,"Towels are dumped on the floor, cables trail across the tiles and a bucket and boxes are pushed under a crowded desk, making the room visibly untidy.",portrait,external validation of the v1 demo model,no
v2_new_a11_a12,external_validation_inventory.csv,A12 B Double attached,A12,Room,IMG-20260923-WA0073.jpg,A12 B Double attached/IMG-20260923-WA0073.jpg,CLEAN,"Bed is made with a few folded clothes, the chair is in place and bags are stored under the bed; tiles are clean and the room is reasonably organized.",portrait,external validation of the v1 demo model,no
v2_new_a11_a12,external_validation_inventory.csv,A12 B Double attached,A12,Room,IMG-20260923-WA0075.jpg,A12 B Double attached/IMG-20260923-WA0075.jpg,CLEAN,"Only one jacket is draped over the bed frame, the rest of the view is clean and clear with nothing scattered.",portrait,external validation of the v1 demo model,no
v2_new_a11_a12,external_validation_inventory.csv,A12 B Double attached,A12,Room,IMG-20260923-WA0078.jpg,A12 B Double attached/IMG-20260923-WA0078.jpg,CLEAN,"The room is generally neat and clean; some clothes are scattered on the cot and a few bags are kept on the floor, but this is localized untidiness rather than a housekeeping issue.",portrait,external validation of the v1 demo model,no
v2_new_a11_a12,external_validation_inventory.csv,A12 B Double attached,A12,Room,IMG-20260923-WA0079.jpg,A12 B Double attached/IMG-20260923-WA0079.jpg,CLEAN,"The room is generally neat and clean; some clothes are scattered on the cot and a few bags/luggage items are kept around the floor, but this is localized untidiness rather than a housekeeping issue.",portrait,external validation of the v1 demo model,no
v2_new_a11_a12,external_validation_inventory.csv,A12 B Double attached,A12,Room,IMG-20260923-WA0080.jpg,A12 B Double attached/IMG-20260923-WA0080.jpg,CLEAN,Doorway and desk with a stationery organiser and charger cables kept on the table; floor clean and belongings reasonably contained.,portrait,external validation of the v1 demo model,no
v2_new_a11_a12,external_validation_inventory.csv,A12 B Double attached,A12,Room,IMG-20260923-WA0081.jpg,A12 B Double attached/IMG-20260923-WA0081.jpg,CLEAN,"The room is generally neat and clean; some clothes are scattered on the cot and a few bags are kept around the floor, but this is localized untidiness rather than a housekeeping issue.",portrait,external validation of the v1 demo model,no
v2_new_a11_a12,external_validation_inventory.csv,A12 B Double attached,A12,Room,IMG-20260923-WA0082.jpg,A12 B Double attached/IMG-20260923-WA0082.jpg,CLEAN,"AC, curtain and wall are clean with no waste, dirt or scattered belongings in view.",portrait,external validation of the v1 demo model,no
v2_new_a11_a12,external_validation_inventory.csv,A12 B Double attached,A12,Room,IMG-20260923-WA0083.jpg,A12 B Double attached/IMG-20260923-WA0083.jpg,CLEAN,"The room is generally neat and clean, but some clothes are scattered on the cot and are not properly arranged.",portrait,external validation of the v1 demo model,no
v2_new_a11_a12,external_validation_inventory.csv,A12 C Double common,A12,Room,IMG-20260923-WA0092.jpg,A12 C Double common/IMG-20260923-WA0092.jpg,CLEAN,"Both beds are covered with bedding pulled back normally, the wardrobe and desk are in place and the floor is clean with no waste.",portrait,external validation of the v1 demo model,no
v2_new_a11_a12,external_validation_inventory.csv,A12 C Double common,A12,Room,IMG-20260923-WA0093.jpg,A12 C Double common/IMG-20260923-WA0093.jpg,CLEAN,"Doorway, a bag hung on the chair and a tidy desk; floor is clean and the room looks neat.",portrait,external validation of the v1 demo model,no
v2_new_a11_a12,external_validation_inventory.csv,A12 C Double common,A12,Room,IMG-20260923-WA0098.jpg,A12 C Double common/IMG-20260923-WA0098.jpg,CLEAN,"Bed headboard, pillows and a floor mat with clean tiles; nothing dirty or discarded.",portrait,external validation of the v1 demo model,no
v2_new_a11_a12,external_validation_inventory.csv,A12 C Double common,A12,Room,IMG-20260923-WA0099.jpg,A12 C Double common/IMG-20260923-WA0099.jpg,CLEAN,Bottles and jars are grouped on the table with a storage basket and carton kept underneath - contained rather than scattered; floor clean.,portrait,external validation of the v1 demo model,no
v2_new_a11_a12,external_validation_inventory.csv,A12 C Double common,A12,Room,IMG-20260923-WA0100.jpg,A12 C Double common/IMG-20260923-WA0100.jpg,CLEAN,Desk holds personal items in order with a bag on the chair; the floor is clean and no waste or residue is visible.,portrait,external validation of the v1 demo model,no
v2_new_a11_a12,external_validation_inventory.csv,A12 C Double common,A12,Room,IMG-20260923-WA0101.jpg,A12 C Double common/IMG-20260923-WA0101.jpg,CLEAN,A snack packet and bottle sit on the side table beside a made bed; belongings are reasonably arranged and the wall and floor are clean.,portrait,external validation of the v1 demo model,no
v1_original,cleanliness_manifest.csv,A33 A single attach,A33,Room,A33 A Single attach. .jpg,A33 A single attach/A33 A Single attach. .jpg,CLEAN,Tiles are clean with only a doormat; no visible housekeeping dirt or waste.,portrait,LOPO training+evaluation (5 properties),yes
v1_original,cleanliness_manifest.csv,A33 A single attach,A33,Room,IMG_20260918_104751.jpg,A33 A single attach/IMG_20260918_104751.jpg,CLEAN,Open floor clean with no debris; suitcase stood against the wall and a few desk items reasonably arranged.,portrait,LOPO training+evaluation (5 properties),yes
v1_original,cleanliness_manifest.csv,A33 A single attach,A33,Room,IMG_20260918_104756.jpg,A33 A single attach/IMG_20260918_104756.jpg,CLEAN,"Floor clean and free of waste; bed covered, desks hold bottles and small items in order.",portrait,LOPO training+evaluation (5 properties),yes
v1_original,cleanliness_manifest.csv,A33 A single attach,A33,Room,IMG_20260918_104801.jpg,A33 A single attach/IMG_20260918_104801.jpg,CLEAN,"No dirt, residue or waste visible; helmet and a few clothes rest on the made bed.",portrait,LOPO training+evaluation (5 properties),yes
v1_original,cleanliness_manifest.csv,A33 A single attach,A33,Room,IMG_20260918_104805.jpg,A33 A single attach/IMG_20260918_104805.jpg,CLEAN,Floor clean with no waste; clothes and helmet on the bed are normal belongings.,portrait,LOPO training+evaluation (5 properties),yes
v1_original,cleanliness_manifest.csv,A33 A single attach,A33,Room,IMG_20260918_104828.jpg,A33 A single attach/IMG_20260918_104828.jpg,CLEAN,Wardrobe area clean with one bottle standing on the floor; no debris or residue.,portrait,LOPO training+evaluation (5 properties),yes
v1_original,cleanliness_manifest.csv,A33 C double common,A33,Room,A33 C double Common.jpg,A33 C double common/A33 C double Common.jpg,CLEAN,"Bed with blanket, small carton on the side table and towels at the window; nothing dirty or discarded visible.",portrait,LOPO training+evaluation (5 properties),yes
v1_original,cleanliness_manifest.csv,A33 C double common,A33,Room,IMG_20260918_105110.jpg,A33 C double common/IMG_20260918_105110.jpg,CLEAN,"Floor clean with no waste; desk and chair clear, blanket left bunched on the bed only.",portrait,LOPO training+evaluation (5 properties),yes
v1_original,cleanliness_manifest.csv,A33 C double common,A33,Room,IMG_20260918_105117.jpg,A33 C double common/IMG_20260918_105117.jpg,CLEAN,"Tiles clean, no housekeeping dirt; bedding loose on the bed.",portrait,LOPO training+evaluation (5 properties),yes
v1_original,cleanliness_manifest.csv,A33 C double common,A33,Room,IMG_20260918_105124.jpg,A33 C double common/IMG_20260918_105124.jpg,CLEAN,"Suitcase stored on the wardrobe and a bottle above; floor clean, no waste.",portrait,LOPO training+evaluation (5 properties),yes
v1_original,cleanliness_manifest.csv,A33 C double common,A33,Room,IMG_20260918_105135.jpg,A33 C double common/IMG_20260918_105135.jpg,CLEAN,Desks and chairs in place with a cable along the floor; no waste or dirt visible.,portrait,LOPO training+evaluation (5 properties),yes
v1_original,cleanliness_manifest.csv,A33 C double common,A33,Room,IMG_20260918_105143.jpg,A33 C double common/IMG_20260918_105143.jpg,CLEAN,A few clothes on the bed and a weighing scale on the floor; floor clean.,portrait,LOPO training+evaluation (5 properties),yes
v1_original,cleanliness_manifest.csv,A33 C double common,A33,Room,IMG_20260918_105157.jpg,A33 C double common/IMG_20260918_105157.jpg,NOT_CLEAN,"A large crumpled brown packing cover lies discarded on the floor beside the suitcase - visible waste material, so the area is not clean. Tiles themselves are clean.",portrait,LOPO training+evaluation (5 properties),yes
v1_original,cleanliness_manifest.csv,A33 C double common,A33,Room,IMG_20260918_105203.jpg,A33 C double common/IMG_20260918_105203.jpg,NOT_CLEAN,Closer view of the same discarded packing cover spread loose across the floor.,portrait,LOPO training+evaluation (5 properties),yes
v1_original,cleanliness_manifest.csv,A33 C double common,A33,Room,IMG_20260918_105215.jpg,A33 C double common/IMG_20260918_105215.jpg,CLEAN,"Cabinet with utensils, clothes on a hook, scale on the floor; no waste or residue.",portrait,LOPO training+evaluation (5 properties),yes
v1_original,cleanliness_manifest.csv,A33 C double common,A33,Room,IMG_20260918_105219.jpg,A33 C double common/IMG_20260918_105219.jpg,CLEAN,Floor clean and clear; clothes hanging behind the door.,portrait,LOPO training+evaluation (5 properties),yes
v1_original,cleanliness_manifest.csv,A33 C double common,A33,Room,IMG_20260918_105224.jpg,A33 C double common/IMG_20260918_105224.jpg,CLEAN,Carton and luggage stored beside the bed; no garbage or dirt visible.,portrait,LOPO training+evaluation (5 properties),yes
v1_original,cleanliness_manifest.csv,A33 C double common,A33,Room,IMG_20260918_105241.jpg,A33 C double common/IMG_20260918_105241.jpg,CLEAN,"Window wall and doorway; floor clean, nothing discarded.",portrait,LOPO training+evaluation (5 properties),yes
v1_original,cleanliness_manifest.csv,A33 C double common,A33,Room,IMG_20260918_105245.jpg,A33 C double common/IMG_20260918_105245.jpg,CLEAN,"Wide view: bed made, suitcase on the wardrobe, floor clean.",portrait,LOPO training+evaluation (5 properties),yes
v1_original,cleanliness_manifest.csv,A34 A single attach,A34,Room,A34 A Single attach.jpg,A34 A single attach/A34 A Single attach.jpg,CLEAN,Bed corner with folded bedding; no waste and the visible floor is clean.,portrait,LOPO training+evaluation (5 properties),yes
v1_original,cleanliness_manifest.csv,A34 A single attach,A34,Room,IMG_20260918_104319.jpg,A34 A single attach/IMG_20260918_104319.jpg,CLEAN,"Desk, paper bags and stool kept together in the corner; floor clean, no waste.",portrait,LOPO training+evaluation (5 properties),yes
v1_original,cleanliness_manifest.csv,A34 A single attach,A34,Room,IMG_20260918_104324.jpg,A34 A single attach/IMG_20260918_104324.jpg,CLEAN,Large open floor area clean and clear of debris.,portrait,LOPO training+evaluation (5 properties),yes
v1_original,cleanliness_manifest.csv,A34 A single attach,A34,Room,IMG_20260918_104330.jpg,A34 A single attach/IMG_20260918_104330.jpg,CLEAN,Desk with computer and towel folded on the chair; floor clean.,portrait,LOPO training+evaluation (5 properties),yes
v1_original,cleanliness_manifest.csv,A34 A single attach,A34,Room,IMG_20260918_104334.jpg,A34 A single attach/IMG_20260918_104334.jpg,CLEAN,Bed made with a few clothes on it; no waste or residue.,portrait,LOPO training+evaluation (5 properties),yes
v1_original,cleanliness_manifest.csv,A34 A single attach,A34,Room,IMG_20260918_104337.jpg,A34 A single attach/IMG_20260918_104337.jpg,CLEAN,"Bed covered, floor clean, nothing discarded.",portrait,LOPO training+evaluation (5 properties),yes
v1_original,cleanliness_manifest.csv,A34 A single attach,A34,Room,IMG_20260918_104358.jpg,A34 A single attach/IMG_20260918_104358.jpg,CLEAN,Desk in use with a box stored underneath; no debris on the floor.,portrait,LOPO training+evaluation (5 properties),yes
v1_original,cleanliness_manifest.csv,A34 A single attach,A34,Room,IMG_20260918_104414.jpg,A34 A single attach/IMG_20260918_104414.jpg,CLEAN,Doorway with doormat and luggage against the wall; floor clean.,portrait,LOPO training+evaluation (5 properties),yes
v1_original,cleanliness_manifest.csv,A34 A single attach,A34,Room,IMG_20260918_104444.jpg,A34 A single attach/IMG_20260918_104444.jpg,CLEAN,"Utility corner with ironing board, rack and bucket arranged along the wall; floor clean.",portrait,LOPO training+evaluation (5 properties),yes
v1_original,cleanliness_manifest.csv,A34 A single attach,A34,Room,IMG_20260918_104514.jpg,A34 A single attach/IMG_20260918_104514.jpg,CLEAN,Storage corner kept in order; no waste or dirt visible.,portrait,LOPO training+evaluation (5 properties),yes
v1_original,cleanliness_manifest.csv,A34 B double attach,A34,Room,A34 B double attach.jpg,A34 B double attach/A34 B double attach.jpg,NOT_CLEAN,"Tiles are clean with no housekeeping dirt, but clothes are dumped over a chair and over storage boxes with cartons and a jar crowding the corner - the room looks untidy.",portrait,LOPO training+evaluation (5 properties),yes
v1_original,cleanliness_manifest.csv,A34 B double attach,A34,Room,IMG_20260918_103815.jpg,A34 B double attach/IMG_20260918_103815.jpg,NOT_CLEAN,"Tiles clean, but five-plus pairs of shoes and a slipper lie spread across the floor, a yellow bag is dropped on the tiles and clothes are strewn over a bare mattress.",portrait,LOPO training+evaluation (5 properties),yes
v1_original,cleanliness_manifest.csv,A34 B double attach,A34,Room,IMG_20260918_103820.jpg,A34 B double attach/IMG_20260918_103820.jpg,NOT_CLEAN,"Clothes heaped over both mattresses, shoes and a bag on the floor, a packet left on the mattress; floor itself clean.",portrait,LOPO training+evaluation (5 properties),yes
v1_original,cleanliness_manifest.csv,A34 B double attach,A34,Room,IMG_20260918_103827.jpg,A34 B double attach/IMG_20260918_103827.jpg,NOT_CLEAN,"Clothes and a steel vessel dumped on the chair, slippers loose on the floor, mattress standing across the bathroom doorway.",portrait,LOPO training+evaluation (5 properties),yes
v1_original,cleanliness_manifest.csv,A34 B double attach,A34,Room,IMG_20260918_103844.jpg,A34 B double attach/IMG_20260918_103844.jpg,NOT_CLEAN,"A cloth is thrown over the chair and trails onto the floor, with further scattered items and bottles visible in the room beyond.",portrait,LOPO training+evaluation (5 properties),yes
v1_original,cleanliness_manifest.csv,A34 B double attach,A34,Room,IMG_20260918_103854.jpg,A34 B double attach/IMG_20260918_103854.jpg,NOT_CLEAN,"Two open suitcases on the floor with contents spilling out, shoes scattered around them, clothes heaped on the mattress.",portrait,LOPO training+evaluation (5 properties),yes
v1_original,cleanliness_manifest.csv,A34 B double attach,A34,Room,IMG_20260918_103858.jpg,A34 B double attach/IMG_20260918_103858.jpg,NOT_CLEAN,"Open suitcase tipped onto the floor, yellow bag and slipper on the tiles, clothes across both mattresses.",portrait,LOPO training+evaluation (5 properties),yes
v1_original,cleanliness_manifest.csv,A34 B double attach,A34,Room,IMG_20260918_104015.jpg,A34 B double attach/IMG_20260918_104015.jpg,NOT_CLEAN,Clothes draped over two chairs with a carton and jar on the floor corner; tiles clean but the corner is unarranged.,portrait,LOPO training+evaluation (5 properties),yes
v1_original,cleanliness_manifest.csv,A34 B double attach,A34,Room,IMG_20260918_104031.jpg,A34 B double attach/IMG_20260918_104031.jpg,NOT_CLEAN,"Clothes over chairs, open suitcase on the floor, shoes below the bed; the room looks visibly untidy.",portrait,LOPO training+evaluation (5 properties),yes
v1_original,cleanliness_manifest.csv,B41 B double attach,B41,Room,B41  B Double attach.jpg,B41 B double attach/B41  B Double attach.jpg,CLEAN,"Desk with laptop and bottles, towel on the chair; floor clean and clear of waste.",portrait,LOPO training+evaluation (5 properties),yes
v1_original,cleanliness_manifest.csv,B41 B double attach,B41,Room,B41 B double attach. .jpg,B41 B double attach/B41 B double attach. .jpg,CLEAN,"Backpack kept on the floor and footwear on a rack; tiles clean, no debris.",portrait,LOPO training+evaluation (5 properties),yes
v1_original,cleanliness_manifest.csv,B41 B double attach,B41,Room,IMG_20260918_111705.jpg,B41 B double attach/IMG_20260918_111705.jpg,CLEAN,"Bed with bedding, suitcase beside it and shoes under the bed; no waste or residue.",portrait,LOPO training+evaluation (5 properties),yes
v1_original,cleanliness_manifest.csv,B41 B double attach,B41,Room,IMG_20260918_111711.jpg,B41 B double attach/IMG_20260918_111711.jpg,CLEAN,Bedding pulled back and shoes kept under the bed; floor clean.,portrait,LOPO training+evaluation (5 properties),yes
v1_original,cleanliness_manifest.csv,B41 B double attach,B41,Room,IMG_20260918_111715.jpg,B41 B double attach/IMG_20260918_111715.jpg,CLEAN,Study corner in use with a towel on the chair; no residue or debris.,portrait,LOPO training+evaluation (5 properties),yes
v1_original,cleanliness_manifest.csv,B41 B double attach,B41,Room,IMG_20260918_111718.jpg,B41 B double attach/IMG_20260918_111718.jpg,CLEAN,"Laptop and bottles on the desk, clothes on the bed, slippers at the bedside - reasonably placed.",portrait,LOPO training+evaluation (5 properties),yes
v1_original,cleanliness_manifest.csv,B41 B double attach,B41,Room,IMG_20260918_111720.jpg,B41 B double attach/IMG_20260918_111720.jpg,CLEAN,Towel hanging to dry and pillow on the bed; nothing discarded.,portrait,LOPO training+evaluation (5 properties),yes
v1_original,cleanliness_manifest.csv,B41 B double attach,B41,Room,IMG_20260918_111728.jpg,B41 B double attach/IMG_20260918_111728.jpg,CLEAN,"Doormat at the door, suitcase and shoes stored beside the bed; floor clean.",portrait,LOPO training+evaluation (5 properties),yes
v1_original,cleanliness_manifest.csv,B41 B double attach,B41,Room,IMG_20260918_111733.jpg,B41 B double attach/IMG_20260918_111733.jpg,CLEAN,Wardrobes with containers stored on top; floor clean and clear.,portrait,LOPO training+evaluation (5 properties),yes
v1_original,cleanliness_manifest.csv,B41 B double attach,B41,Room,IMG_20260918_111738.jpg,B41 B double attach/IMG_20260918_111738.jpg,CLEAN,"Iron kept on the shelf and clothes hanging; floor clean, no waste.",portrait,LOPO training+evaluation (5 properties),yes
v1_original,cleanliness_manifest.csv,B41 B double attach,B41,Room,IMG_20260918_111743.jpg,B41 B double attach/IMG_20260918_111743.jpg,CLEAN,Tiles clean; shoes under the bed and towel on the chair.,portrait,LOPO training+evaluation (5 properties),yes
v1_original,cleanliness_manifest.csv,B41 C double common,B41,Kitchen,IMG_20260918_110949.jpg,B41 C double common/Kitchen/IMG_20260918_110949.jpg,NOT_CLEAN,"Kitchen surfaces show visible dirty conditions: dried spilled residue across the fridge top, a tray and plastic bags of waste left on the counter, and a cloth lying on the floor.",portrait,LOPO training+evaluation (5 properties),yes
v1_original,cleanliness_manifest.csv,B41 C double common,B41,Kitchen,IMG_20260918_111002.jpg,B41 C double common/Kitchen/IMG_20260918_111002.jpg,NOT_CLEAN,Counter slab is stained and greasy along its length with food residue around the induction plate; vessels and jars sit in the residue and a cloth is dropped on the floor by the bin.,portrait,LOPO training+evaluation (5 properties),yes
v1_original,cleanliness_manifest.csv,B41 C double common,B41,Kitchen,IMG_20260918_111005.jpg,B41 C double common/Kitchen/IMG_20260918_111005.jpg,NOT_CLEAN,"Sink and surrounding slab show residue and grime, and a dirty cloth lies on the floor beside the washing machine.",portrait,LOPO training+evaluation (5 properties),yes
v1_original,cleanliness_manifest.csv,B41 C double common,B41,Kitchen,IMG_20260918_111008.jpg,B41 C double common/Kitchen/IMG_20260918_111008.jpg,CLEAN,"Kitchen/utility area is clean with no visible housekeeping dirt or waste; washing machine, shoe rack and clothes on a stool are normal household use.",portrait,LOPO training+evaluation (5 properties),yes
v1_original,cleanliness_manifest.csv,B41 C double common,B41,Kitchen,IMG_20260918_111013.jpg,B41 C double common/Kitchen/IMG_20260918_111013.jpg,CLEAN,"Clothes on a drying stand beside the doors are normal use, not a cleanliness problem; floor clean with no waste.",portrait,LOPO training+evaluation (5 properties),yes
v1_original,cleanliness_manifest.csv,B41 C double common,B41,Room,B 41 C  double common.jpg,B41 C double common/B 41 C  double common.jpg,NOT_CLEAN,"White paper debris lies on the floor tiles near the door, so the floor is not clean; cloth over a chair and bucket on the floor.",portrait,LOPO training+evaluation (5 properties),yes
v1_original,cleanliness_manifest.csv,B41 C double common,B41,Room,IMG_20260918_111123.jpg,B41 C double common/IMG_20260918_111123.jpg,CLEAN,"Wardrobe, umbrella opened to dry and bed with bedcover; no housekeeping dirt or waste visible.",portrait,LOPO training+evaluation (5 properties),yes
v1_original,cleanliness_manifest.csv,B41 C double common,B41,Room,IMG_20260918_111127.jpg,B41 C double common/IMG_20260918_111127.jpg,CLEAN,"Bedcover left rumpled with two garments on it and clothes hanging on wall hooks; no waste, residue or floor dirt visible - normal belongings.",portrait,LOPO training+evaluation (5 properties),yes
v1_original,cleanliness_manifest.csv,B41 C double common,B41,Room,IMG_20260918_111131.jpg,B41 C double common/IMG_20260918_111131.jpg,NOT_CLEAN,"Table crowded with bottles, packets and paper bags; clothes heaped on the bed and spilling onto the floor with a backpack among them.",portrait,LOPO training+evaluation (5 properties),yes
v1_original,cleanliness_manifest.csv,B41 C double common,B41,Room,IMG_20260918_111134.jpg,B41 C double common/IMG_20260918_111134.jpg,NOT_CLEAN,Bed covered by a pile of loose clothes with more items stacked on the side table.,portrait,LOPO training+evaluation (5 properties),yes
v1_original,cleanliness_manifest.csv,B41 C double common,B41,Room,IMG_20260918_111147.jpg,B41 C double common/IMG_20260918_111147.jpg,NOT_CLEAN,A crumpled tissue/paper piece lies on the floor tile - visible waste on the floor; cloths draped over the bed frame and chair.,portrait,LOPO training+evaluation (5 properties),yes
v1_original,cleanliness_manifest.csv,B41 C double common,B41,Room,IMG_20260918_111209.jpg,B41 C double common/IMG_20260918_111209.jpg,NOT_CLEAN,"Clothes heaped on the bed and dropped on the floor, paper bags and a backpack on the tiles, table crowded with bottles.",portrait,LOPO training+evaluation (5 properties),yes
v1_original,cleanliness_manifest.csv,B41 C double common,B41,Room,IMG_20260918_111216.jpg,B41 C double common/IMG_20260918_111216.jpg,CLEAN,Clothes hanging on the wall hook and bed with bedcover; no waste or housekeeping dirt visible.,portrait,LOPO training+evaluation (5 properties),yes
v1_original,cleanliness_manifest.csv,B41 C double common,B41,Room,IMG_20260918_111220.jpg,B41 C double common/IMG_20260918_111220.jpg,NOT_CLEAN,"Two white paper/tissue pieces lie on the passage tiles, so the floor is not clean; clothes draped over a stool and chair.",portrait,LOPO training+evaluation (5 properties),yes
v1_original,cleanliness_manifest.csv,B41 D single attach,B41,Room,B41 D single attach.jpg,B41 D single attach/B41 D single attach.jpg,CLEAN,Tiles clean and shiny with doormat and dustbin in place; no waste.,portrait,LOPO training+evaluation (5 properties),yes
v1_original,cleanliness_manifest.csv,B41 D single attach,B41,Room,IMG_20260918_111416.jpg,B41 D single attach/IMG_20260918_111416.jpg,CLEAN,Bed neatly covered with a bag and cushion on it; floor clean.,portrait,LOPO training+evaluation (5 properties),yes
v1_original,cleanliness_manifest.csv,B41 D single attach,B41,Room,IMG_20260918_111425.jpg,B41 D single attach/IMG_20260918_111425.jpg,CLEAN,Clean reflective floor with dustbin by the balcony door; no debris or stains.,portrait,LOPO training+evaluation (5 properties),yes
v1_original,cleanliness_manifest.csv,B41 D single attach,B41,Room,IMG_20260918_111442.jpg,B41 D single attach/IMG_20260918_111442.jpg,CLEAN,Desk with a bottle and charger; floor clear of waste.,portrait,LOPO training+evaluation (5 properties),yes
v1_original,cleanliness_manifest.csv,B41 D single attach,B41,Room,IMG_20260918_111500.jpg,B41 D single attach/IMG_20260918_111500.jpg,CLEAN,Suitcase stored on the wardrobe and slippers kept beside it; floor clean.,portrait,LOPO training+evaluation (5 properties),yes
v1_original,cleanliness_manifest.csv,B41 D single attach,B41,Room,IMG_20260918_111507.jpg,B41 D single attach/IMG_20260918_111507.jpg,CLEAN,Bed with pillow and folded cloth; no waste visible.,portrait,LOPO training+evaluation (5 properties),yes
v1_original,cleanliness_manifest.csv,B41 D single attach,B41,Room,IMG_20260918_111517.jpg,B41 D single attach/IMG_20260918_111517.jpg,CLEAN,Backpack and cushion on the covered bed - normal belongings; floor clean.,portrait,LOPO training+evaluation (5 properties),yes
v1_original,cleanliness_manifest.csv,B41 D single attach,B41,Room,IMG_20260918_111527.jpg,B41 D single attach/IMG_20260918_111527.jpg,CLEAN,Entry area with doormat and dustbin; tiles clean with no litter.,portrait,LOPO training+evaluation (5 properties),yes
v1_original,cleanliness_manifest.csv,C21 A single common,C21,Room,IMG_20260918_113220.jpg,C21 A single common/IMG_20260918_113220.jpg,NOT_CLEAN,"A crushed empty bottle, a used tissue roll and a wrapper are left lying on the desk - visible waste that has not been cleared.",portrait,LOPO training+evaluation (5 properties),yes
v1_original,cleanliness_manifest.csv,C21 A single common,C21,Room,IMG_20260918_113224.jpg,C21 A single common/IMG_20260918_113224.jpg,CLEAN,Cabinet with toiletries and bed corner; visible floor clear of waste and debris.,portrait,LOPO training+evaluation (5 properties),yes
v1_original,cleanliness_manifest.csv,C21 A single common,C21,Room,IMG_20260918_113231.jpg,C21 A single common/IMG_20260918_113231.jpg,CLEAN,Bed with pillow and bedcover; nothing dirty or discarded visible.,portrait,LOPO training+evaluation (5 properties),yes
v1_original,cleanliness_manifest.csv,C21 A single common,C21,Room,IMG_20260918_113239.jpg,C21 A single common/IMG_20260918_113239.jpg,CLEAN,Bed with blanket and chair with towel; visible floor clear of waste.,portrait,LOPO training+evaluation (5 properties),yes
v1_original,cleanliness_manifest.csv,C21 A single common,C21,Room,IMG_20260918_113243.jpg,C21 A single common/IMG_20260918_113243.jpg,CLEAN,Doorway with slippers kept at the side; floor clear of litter.,portrait,LOPO training+evaluation (5 properties),yes
v1_original,cleanliness_manifest.csv,C21 A single common,C21,Room,IMG_20260918_113250.jpg,C21 A single common/IMG_20260918_113250.jpg,NOT_CLEAN,A dried spill/residue patch and a small lid lie on the floor in the desk corner and an empty bottle with a tissue roll is left on the desk - the corner has not been cleaned.,portrait,LOPO training+evaluation (5 properties),yes
v1_original,cleanliness_manifest.csv,C21 B double attach,C21,Room,C21 B double attach.jpg,C21 B double attach/C21 B double attach.jpg,CLEAN,Helmet and suitcase stored on the wardrobe; floor clean and clear.,portrait,LOPO training+evaluation (5 properties),yes
v1_original,cleanliness_manifest.csv,C21 B double attach,C21,Room,IMG_20260918_113357.jpg,C21 B double attach/IMG_20260918_113357.jpg,CLEAN,"Clothes on a wall hook, folded clothes on the bed, doormat in place; tiles clean with no waste.",portrait,LOPO training+evaluation (5 properties),yes
v1_original,cleanliness_manifest.csv,C21 B double attach,C21,Room,IMG_20260918_113400.jpg,C21 B double attach/IMG_20260918_113400.jpg,CLEAN,Two beds with bedding and folded clothes and a rug on the floor; no waste or dirt.,portrait,LOPO training+evaluation (5 properties),yes
v1_original,cleanliness_manifest.csv,C21 B double attach,C21,Room,IMG_20260918_113408.jpg,C21 B double attach/IMG_20260918_113408.jpg,CLEAN,"Bed with pillows and clothes, cabinet and box beside it; floor clean.",portrait,LOPO training+evaluation (5 properties),yes
v1_original,cleanliness_manifest.csv,C21 B double attach,C21,Room,IMG_20260918_113413.jpg,C21 B double attach/IMG_20260918_113413.jpg,CLEAN,"Desk with bottle, bag on the chair, stool stored under the desk.",portrait,LOPO training+evaluation (5 properties),yes
v1_original,cleanliness_manifest.csv,C21 B double attach,C21,Room,IMG_20260918_113416.jpg,C21 B double attach/IMG_20260918_113416.jpg,CLEAN,Desk and wardrobe in order; floor clean with no debris.,portrait,LOPO training+evaluation (5 properties),yes
v1_original,cleanliness_manifest.csv,C21 B double attach,C21,Room,IMG_20260918_113422.jpg,C21 B double attach/IMG_20260918_113422.jpg,CLEAN,"Wide view: beds and desk in use, floor clean and free of waste.",portrait,LOPO training+evaluation (5 properties),yes
v1_original,cleanliness_manifest.csv,C21 B double attach,C21,Room,IMG_20260918_113430.jpg,C21 B double attach/IMG_20260918_113430.jpg,CLEAN,Bathroom doorway; tiles clean and clear of litter.,portrait,LOPO training+evaluation (5 properties),yes
v1_original,cleanliness_manifest.csv,C21 B double attach,C21,Room,IMG_20260918_113433.jpg,C21 B double attach/IMG_20260918_113433.jpg,CLEAN,"Floor mat by the bed, clean tiles, nothing discarded.",portrait,LOPO training+evaluation (5 properties),yes
v1_original,cleanliness_manifest.csv,C21 B double attach,C21,Room,IMG_20260918_113438.jpg,C21 B double attach/IMG_20260918_113438.jpg,CLEAN,Door with doormat and clothes hanging; floor clean.,portrait,LOPO training+evaluation (5 properties),yes
v1_original,cleanliness_manifest.csv,C21 C double common,C21,Kitchen,IMG_20260918_112605.jpg,C21 C double common/Kitchen/IMG_20260918_112605.jpg,NOT_CLEAN,The appliance/fridge top is visibly soiled with brown residue and crumbs and has not been wiped; devices standing on it are stained too.,portrait,LOPO training+evaluation (5 properties),yes
v1_original,cleanliness_manifest.csv,C21 C double common,C21,Kitchen,IMG_20260918_112611.jpg,C21 C double common/Kitchen/IMG_20260918_112611.jpg,CLEAN,"Kitchen area clean with no visible residue or waste; counter vessels, dustbins and mat are normal household use and the floor is clean.",portrait,LOPO training+evaluation (5 properties),yes
v1_original,cleanliness_manifest.csv,C21 C double common,C21,Kitchen,IMG_20260918_112616.jpg,C21 C double common/Kitchen/IMG_20260918_112616.jpg,NOT_CLEAN,"Unwashed vessels - bowl with knife, cooker, plates, pan - left on the counter with visible crumbs and food residue across the slab.",portrait,LOPO training+evaluation (5 properties),yes
v1_original,cleanliness_manifest.csv,C21 C double common,C21,Kitchen,IMG_20260918_112620.jpg,C21 C double common/Kitchen/IMG_20260918_112620.jpg,CLEAN,"Clothes on a drying stand - normal common-area use, not dirt; floor tiles clean with no waste.",portrait,LOPO training+evaluation (5 properties),yes
v1_original,cleanliness_manifest.csv,C21 C double common,C21,Kitchen,IMG_20260918_112629.jpg,C21 C double common/Kitchen/IMG_20260918_112629.jpg,CLEAN,"Drying stand, shoe stand and footwear at the doorway; floor clean, nothing discarded.",portrait,LOPO training+evaluation (5 properties),yes
v1_original,cleanliness_manifest.csv,C21 C double common,C21,Kitchen,IMG_20260918_112638.jpg,C21 C double common/Kitchen/IMG_20260918_112638.jpg,CLEAN,Sink and counter reasonably clean with bottles and vessels in normal use; no food residue or waste on the floor.,portrait,LOPO training+evaluation (5 properties),yes
v1_original,cleanliness_manifest.csv,C21 C double common,C21,Room,C21 C double Common.jpg,C21 C double common/C21 C double Common.jpg,CLEAN,Ironing board stored on the wardrobe and jeans over a chair; floor clean with no waste.,portrait,LOPO training+evaluation (5 properties),yes
v1_original,cleanliness_manifest.csv,C21 C double common,C21,Room,IMG_20260918_112714.jpg,C21 C double common/IMG_20260918_112714.jpg,CLEAN,"Bed with a storage box, chair and stool in place; tiles clean.",portrait,LOPO training+evaluation (5 properties),yes
v1_original,cleanliness_manifest.csv,C21 C double common,C21,Room,IMG_20260918_112717.jpg,C21 C double common/IMG_20260918_112717.jpg,CLEAN,"Bed and stool with clothes over it; floor clean, no debris.",portrait,LOPO training+evaluation (5 properties),yes
v1_original,cleanliness_manifest.csv,C21 C double common,C21,Room,IMG_20260918_112720.jpg,C21 C double common/IMG_20260918_112720.jpg,CLEAN,Bed with bedding and box and a side cabinet; no waste visible.,portrait,LOPO training+evaluation (5 properties),yes
v1_original,cleanliness_manifest.csv,C21 C double common,C21,Room,IMG_20260918_112725.jpg,C21 C double common/IMG_20260918_112725.jpg,CLEAN,Two beds with cabinets holding bottles and books; tiles clean.,portrait,LOPO training+evaluation (5 properties),yes
v1_original,cleanliness_manifest.csv,C21 C double common,C21,Room,IMG_20260918_112727.jpg,C21 C double common/IMG_20260918_112727.jpg,CLEAN,Bed with bedcover and cabinet with personal items; nothing discarded.,portrait,LOPO training+evaluation (5 properties),yes
v1_original,cleanliness_manifest.csv,C21 C double common,C21,Room,IMG_20260918_112741.jpg,C21 C double common/IMG_20260918_112741.jpg,CLEAN,Bed with quilt spread on it; no waste or dirt visible.,portrait,LOPO training+evaluation (5 properties),yes
v1_original,cleanliness_manifest.csv,C21 C double common,C21,Room,IMG_20260918_112745.jpg,C21 C double common/IMG_20260918_112745.jpg,CLEAN,"Beds, cabinets and a stored carton; floor clear of litter.",portrait,LOPO training+evaluation (5 properties),yes
v1_original,cleanliness_manifest.csv,C21 C double common,C21,Room,IMG_20260918_112750.jpg,C21 C double common/IMG_20260918_112750.jpg,CLEAN,Bed with folded clothes and footwear kept at the doorway; floor clean.,portrait,LOPO training+evaluation (5 properties),yes
v1_original,cleanliness_manifest.csv,C21 C double common,C21,Room,IMG_20260918_112755.jpg,C21 C double common/IMG_20260918_112755.jpg,CLEAN,"Desk with bottles and toiletries and a wardrobe; floor clean, no waste.",portrait,LOPO training+evaluation (5 properties),yes
v1_original,cleanliness_manifest.csv,C21 C double common,C21,Room,IMG_20260918_112759.jpg,C21 C double common/IMG_20260918_112759.jpg,CLEAN,"Bed with bedcover, cabinet with books and bottles and a paper bag beside it; floor clean.",portrait,LOPO training+evaluation (5 properties),yes
v1_original,cleanliness_manifest.csv,C21 D single attach,C21,Room,C21 D single attach.jpg,C21 D single attach/C21 D single attach.jpg,CLEAN,Wardrobe and wall; visible floor clear with nothing discarded.,portrait,LOPO training+evaluation (5 properties),yes
v1_original,cleanliness_manifest.csv,C21 D single attach,C21,Room,IMG_20260918_112920.jpg,C21 D single attach/IMG_20260918_112920.jpg,CLEAN,Tiles clean and shiny with mat and drying stand; storage rack against the wall.,portrait,LOPO training+evaluation (5 properties),yes
v1_original,cleanliness_manifest.csv,C21 D single attach,C21,Room,IMG_20260918_112926.jpg,C21 D single attach/IMG_20260918_112926.jpg,CLEAN,Desk with bottles and toiletries and cartons stacked on the rack; floor clean.,portrait,LOPO training+evaluation (5 properties),yes
v1_original,cleanliness_manifest.csv,C21 D single attach,C21,Room,IMG_20260918_112934.jpg,C21 D single attach/IMG_20260918_112934.jpg,CLEAN,Bed with blanket and a rack with bottles beside it; no waste.,portrait,LOPO training+evaluation (5 properties),yes
v1_original,cleanliness_manifest.csv,C21 D single attach,C21,Room,IMG_20260918_112938.jpg,C21 D single attach/IMG_20260918_112938.jpg,CLEAN,Desk with organised bottles and plate and cartons on the rack; floor clean with no litter.,portrait,LOPO training+evaluation (5 properties),yes
v1_original,cleanliness_manifest.csv,C21 D single attach,C21,Room,IMG_20260918_112950.jpg,C21 D single attach/IMG_20260918_112950.jpg,CLEAN,Storage rack with hangers and boxes kept in order; floor clean.,portrait,LOPO training+evaluation (5 properties),yes
v1_original,cleanliness_manifest.csv,C21 D single attach,C21,Room,IMG_20260918_112954.jpg,C21 D single attach/IMG_20260918_112954.jpg,CLEAN,"Wardrobe and rack with a floor mat by the door and a cloth on the floor; tiles clean, no waste.",portrait,LOPO training+evaluation (5 properties),yes
v1_original,cleanliness_manifest.csv,C21 D single attach,C21,Room,IMG_20260918_113000.jpg,C21 D single attach/IMG_20260918_113000.jpg,CLEAN,Bed corner with bottles on the cabinet; no residue or waste visible.,portrait,LOPO training+evaluation (5 properties),yes
v1_original,cleanliness_manifest.csv,C31 B double attach,C31,Room,C31 b double attach.jpg,C31 B double attach/C31 b double attach.jpg,NOT_CLEAN,"Tiles are clean with no dirt or garbage, but cooking vessels, cables, a racket, bags and a bottle are piled directly on the floor in the corner with packaging and an empty wrapper on the table - the room looks untidy.",portrait,LOPO training+evaluation (5 properties),yes
v1_original,cleanliness_manifest.csv,C31 B double attach,C31,Room,IMG_20260918_114321.jpg,C31 B double attach/IMG_20260918_114321.jpg,NOT_CLEAN,"Opened carton with papers on the floor by the fridge, backpack dropped beside it, slippers loose and suitcase in the walkway; tiles themselves clean.",portrait,LOPO training+evaluation (5 properties),yes
v1_original,cleanliness_manifest.csv,C31 B double attach,C31,Room,IMG_20260918_114326.jpg,C31 B double attach/IMG_20260918_114326.jpg,NOT_CLEAN,"Bedding tangled across the bed, packaging carton on the table, bag pushed under it and slippers on the floor.",portrait,LOPO training+evaluation (5 properties),yes
v1_original,cleanliness_manifest.csv,C31 B double attach,C31,Room,IMG_20260918_114331.jpg,C31 B double attach/IMG_20260918_114331.jpg,NOT_CLEAN,"Bed unmade with bedding loose, opened package on the table and bags underneath; tiles clean but the room is visibly unarranged.",portrait,LOPO training+evaluation (5 properties),yes
v1_original,cleanliness_manifest.csv,C31 B double attach,C31,Room,IMG_20260918_114344.jpg,C31 B double attach/IMG_20260918_114344.jpg,NOT_CLEAN,"Bedding, clothes, a power strip and a plastic bag tangled together across the whole bed.",portrait,LOPO training+evaluation (5 properties),yes
v1_original,cleanliness_manifest.csv,C31 B double attach,C31,Room,IMG_20260918_114348.jpg,C31 B double attach/IMG_20260918_114348.jpg,NOT_CLEAN,"Torn shoe box and bottles on the wardrobes, vessels and cables piled on the floor and opened packaging on the ledge.",portrait,LOPO training+evaluation (5 properties),yes
v1_original,cleanliness_manifest.csv,C31 B double attach,C31,Room,IMG_20260918_114351.jpg,C31 B double attach/IMG_20260918_114351.jpg,NOT_CLEAN,"Floor tiles visibly clean, but the corner holds vessels, cables and a bag on the floor with a slipper mid-room and a cloth thrown over the bed.",portrait,LOPO training+evaluation (5 properties),yes
v1_original,cleanliness_manifest.csv,C31 B double attach,C31,Room,IMG_20260918_114356.jpg,C31 B double attach/IMG_20260918_114356.jpg,CLEAN,"Clean tiles with a suitcase stood against the wall, coat on the door and folded bedding - belongings reasonably placed, no waste.",portrait,LOPO training+evaluation (5 properties),yes
v1_original,cleanliness_manifest.csv,C31 C double Common,C31,Room,IMG_20260918_113835.jpg,C31 C double Common/IMG_20260918_113835.jpg,CLEAN,"Tiles clean with no housekeeping dirt or waste; suitcase stood upright, clothes on the bed and shoes together - reasonably arranged.",portrait,LOPO training+evaluation (5 properties),yes
v1_original,cleanliness_manifest.csv,C31 C double Common,C31,Room,IMG_20260918_113838.jpg,C31 C double Common/IMG_20260918_113838.jpg,CLEAN,Floor tiles clean and no garbage; clothes on the bed with backpack and slippers beside it are normal belongings reasonably placed.,portrait,LOPO training+evaluation (5 properties),yes
v1_original,cleanliness_manifest.csv,C31 C double Common,C31,Room,IMG_20260918_113846.jpg,C31 C double Common/IMG_20260918_113846.jpg,CLEAN,One pile of clothes on the mattress; floor clean and empty with nothing discarded.,portrait,LOPO training+evaluation (5 properties),yes
v1_original,cleanliness_manifest.csv,C31 C double Common,C31,Room,IMG_20260918_113854.jpg,C31 C double Common/IMG_20260918_113854.jpg,CLEAN,A few garments on the mattress and a closed cabinet; floor clean.,portrait,LOPO training+evaluation (5 properties),yes
v1_original,cleanliness_manifest.csv,C31 C double Common,C31,Room,IMG_20260918_113857.jpg,C31 C double Common/IMG_20260918_113857.jpg,CLEAN,Bare mattress and open doorway; tiles clean and clear.,portrait,LOPO training+evaluation (5 properties),yes
v1_original,cleanliness_manifest.csv,C31 C double Common,C31,Room,IMG_20260918_113901.jpg,C31 C double Common/IMG_20260918_113901.jpg,CLEAN,"Blanket and clothes on the bed, snack packet and papers on the cabinet, backpack beside it; no waste on the floor and no residue.",portrait,LOPO training+evaluation (5 properties),yes
v1_original,cleanliness_manifest.csv,C31 C double Common,C31,Room,IMG_20260918_113909.jpg,C31 C double Common/IMG_20260918_113909.jpg,CLEAN,"Desk with laptop, suitcase and shoes by the wardrobe and clothes on hooks; tiles clean.",portrait,LOPO training+evaluation (5 properties),yes
v1_original,cleanliness_manifest.csv,C31 C double Common,C31,Room,IMG_20260918_113912.jpg,C31 C double Common/IMG_20260918_113912.jpg,CLEAN,"Study corner with laptop and bottle, clothes hanging and luggage below; nothing discarded.",portrait,LOPO training+evaluation (5 properties),yes
v1_original,cleanliness_manifest.csv,C31 D single attach,C31,Room,IMG_20260918_114047.jpg,C31 D single attach/IMG_20260918_114047.jpg,CLEAN,Tiles clean and reflective with wardrobe and fridge against the wall; nothing discarded.,portrait,LOPO training+evaluation (5 properties),yes
v1_original,cleanliness_manifest.csv,C31 D single attach,C31,Room,IMG_20260918_114050.jpg,C31 D single attach/IMG_20260918_114050.jpg,CLEAN,Clean shiny floor with doormat; no litter or residue.,portrait,LOPO training+evaluation (5 properties),yes
v1_original,cleanliness_manifest.csv,C31 D single attach,C31,Room,IMG_20260918_114054.jpg,C31 D single attach/IMG_20260918_114054.jpg,CLEAN,"Table with iron, bottles and a snack packet and a towel over the chair; floor clean with no waste.",portrait,LOPO training+evaluation (5 properties),yes
v1_original,cleanliness_manifest.csv,C31 D single attach,C31,Room,IMG_20260918_114058.jpg,C31 D single attach/IMG_20260918_114058.jpg,CLEAN,Bed with pillows and bedcover and a coat on the hook; nothing dirty or discarded.,portrait,LOPO training+evaluation (5 properties),yes
v1_original,cleanliness_manifest.csv,C31 D single attach,C31,Room,IMG_20260918_114111.jpg,C31 D single attach/IMG_20260918_114111.jpg,CLEAN,Wardrobe and cabinet; tiles clean and clear.,portrait,LOPO training+evaluation (5 properties),yes
v1_original,cleanliness_manifest.csv,C31 D single attach,C31,Room,IMG_20260918_114115.jpg,C31 D single attach/IMG_20260918_114115.jpg,CLEAN,Door area with doormat; floor clean with no litter.,portrait,LOPO training+evaluation (5 properties),yes
v1_original,cleanliness_manifest.csv,C31 D single attach,C31,Room,IMG_20260918_114120.jpg,C31 D single attach/IMG_20260918_114120.jpg,CLEAN,"Bed with clothes, towel, bottle, comb and remote - normal belongings; floor clean with no waste.",portrait,LOPO training+evaluation (5 properties),yes
v1_original,cleanliness_manifest.csv,C31 D single attach,C31,Room,IMG_20260918_114127.jpg,C31 D single attach/IMG_20260918_114127.jpg,CLEAN,Door and wardrobe with doormat on clean tiles; no waste or dirt visible.,portrait,LOPO training+evaluation (5 properties),yes
